edge,node_i,node_j,x_i_flat_mm,y_i_flat_mm,x_j_flat_mm,y_j_flat_mm,rest_length_mm,direct_stretch,relaxed_stretch,relaxed_strain_pct,boundary_edge,x_i_relaxed_mm,y_i_relaxed_mm,z_i_relaxed_mm,x_j_relaxed_mm,y_j_relaxed_mm,z_j_relaxed_mm
0,0,1,-4.000001907348633,-30.55869952494979,-1.9073486319243216e-06,-32.86810060170829,4.618802153517006,1.000001357996387,1.0697958023148206,6.979580231482063,False,-4.482262454133736,-30.31064611485033,16.44103529664804,-0.12099244082813936,-32.62880514247336,16.584821636634377
1,0,5,-4.000001907348633,-30.55869952494979,-8.000001907348633,-32.86810060170829,4.618802153517005,1.148906584055051,1.0848531661323328,8.485316613233284,True,-4.482262454133736,-30.31064611485033,16.44103529664804,-8.042368749836317,-32.76531476900255,13.909715220931664
2,0,11,-4.000001907348633,-30.55869952494979,-4.000001907348632,-25.93989701894462,4.618802506005171,1.0559421115222574,1.0842564573887923,8.42564573887923,False,-4.482262454133736,-30.31064611485033,16.44103529664804,-4.529748582285847,-25.580039822633136,18.083849061282177
3,1,2,-1.9073486319243216e-06,-32.86810060170829,-1.9073486319243216e-06,-37.4869027552253,4.618802153517009,1.0171752715808104,1.0566114116042027,5.661141160420269,True,-0.12099244082813936,-32.62880514247336,16.584821636634377,-0.003941604119015963,-37.42275224172931,15.678458548619803
4,1,6,-1.9073486319243216e-06,-32.86810060170829,3.9999980926513676,-30.55869952494979,4.618802153517005,1.0000032485108563,1.0660825582452962,6.608255824529619,False,-0.12099244082813936,-32.62880514247336,16.584821636634377,4.287284736389846,-30.438150538796144,16.4659049258799
5,2,3,-1.9073486319243216e-06,-37.4869027552253,-4.000001907348633,-39.796303831983806,4.618802153517008,1.0225900048503005,1.0272837931442902,2.728379314429019,True,-0.003941604119015963,-37.42275224172931,15.678458548619803,-4.031268161964274,-39.725526169781226,14.68287052064858
6,2,9,-1.9073486319243216e-06,-37.4869027552253,3.9999980926513676,-39.796303831983806,4.618802153517007,1.0225900800606194,1.028161678988191,2.816167898819111,True,-0.003941604119015963,-37.42275224172931,15.678458548619803,4.029194810077664,-39.724156332017415,14.68388968490614
7,3,4,-4.000001907348633,-39.796303831983806,-8.000001907348633,-37.4869027552253,4.618802153517007,1.0779259235709613,1.0408601346734057,4.086013467340566,True,-4.031268161964274,-39.725526169781226,14.68287052064858,-7.879651611443507,-37.441593854862845,12.926193496939002
8,4,5,-8.000001907348633,-37.4869027552253,-8.000001907348633,-32.86810060170829,4.618802153517009,1.027232952893697,1.0351942285496463,3.5194228549646267,True,-7.879651611443507,-37.441593854862845,12.926193496939002,-8.042368749836317,-32.76531476900255,13.909715220931664
9,5,12,-8.000001907348633,-32.86810060170829,-12.000001907348633,-30.55869917246163,4.618802329761096,1.2556878939602392,1.0920267250737514,9.202672507375143,True,-8.042368749836317,-32.76531476900255,13.909715220931664,-11.545400164691454,-30.363338452456418,11.189465266850915
10,6,7,3.9999980926513676,-30.55869952494979,7.999998092651368,-32.86810060170829,4.618802153517005,1.1490430670697982,1.0971016405715128,9.710164057151282,True,4.287284736389846,-30.438150538796144,16.4659049258799,8.010173388655616,-32.75835478492754,13.929325494121793
11,6,15,3.9999980926513676,-30.55869952494979,4.000001483493921,-25.93989701894462,4.618802506006415,1.056222200901465,1.08399356681479,8.399356681478999,False,4.287284736389846,-30.438150538796144,16.4659049258799,3.7680517976221504,-25.7736785664475,18.209655480204244
12,7,8,7.999998092651368,-32.86810060170829,7.999998092651368,-37.4869027552253,4.618802153517009,1.0272322605202895,1.0363082473558536,3.6308247355853585,True,8.010173388655616,-32.75835478492754,13.929325494121793,7.876255325009536,-37.437649874570575,12.930890653111055
13,7,18,7.999998092651368,-32.86810060170829,11.999998092651369,-30.55869917246163,4.618802329761097,1.2544677683350722,1.0929746171710233,9.29746171710233,True,8.010173388655616,-32.75835478492754,13.929325494121793,11.522476721720867,-30.33660994147092,11.230521910693493
14,8,9,7.999998092651368,-37.4869027552253,3.9999980926513676,-39.796303831983806,4.618802153517007,1.0783649857312985,1.0406051122191584,4.060511221915841,True,7.876255325009536,-37.437649874570575,12.930890653111055,4.029194810077664,-39.724156332017415,14.68388968490614
15,10,11,-8.000001907348633,-23.63049594218612,-4.000001907348632,-25.93989701894462,4.618802153517006,1.0072749954325808,1.0873071802763141,8.730718027631411,False,-8.927534042593598,-23.348176653521307,17.135522220235096,-4.529748582285847,-25.580039822633136,18.083849061282177
16,10,13,-8.000001907348633,-23.63049594218612,-12.000001907348633,-25.93989701894462,4.618802153517005,1.4037258316425159,1.1699111766845016,16.991117668450162,True,-8.927534042593598,-23.348176653521307,17.135522220235096,-11.819606245570466,-25.7942467445067,13.281767480872897
17,10,26,-8.000001907348633,-23.63049594218612,-8.000001599442154,-19.01169398709429,4.61880195509184,1.1755760368171457,1.1529785810357498,15.29785810357498,False,-8.927534042593598,-23.348176653521307,17.135522220235096,-8.554884190684428,-18.97385400720259,20.149838507788324
18,11,14,-4.000001907348632,-25.93989701894462,1.4834939202693828e-06,-23.63049594218612,4.618805090073107,1.051386691497062,1.1023377739719125,10.233777397191247,False,-4.529748582285847,-25.580039822633136,18.083849061282177,-0.3468048098211528,-23.22049748166204,19.774631054819892
19,12,13,-12.000001907348633,-30.55869917246163,-12.000001907348633,-25.93989701894462,4.618802153517009,1.145292927608542,1.089642642794398,8.964264279439792,True,-11.545400164691454,-30.363338452456418,11.189465266850915,-11.819606245570466,-25.7942467445067,13.281767480872897
20,13,27,-12.000001907348633,-25.93989701894462,-16.000001599442157,-23.6304961406113,4.618801787649585,1.5877912577494042,1.0808202975681747,8.082029756817466,True,-11.819606245570466,-25.7942467445067,13.281767480872897,-15.035156562603168,-22.967652570345816,10.714354142121065
21,14,15,1.4834939202693828e-06,-23.63049594218612,4.000001483493921,-25.93989701894462,4.618802153517005,1.0513959617748676,1.1018434928990097,10.184349289900974,False,-0.3468048098211528,-23.22049748166204,19.774631054819892,3.7680517976221504,-25.7736785664475,18.209655480204244
22,14,30,1.4834939202693828e-06,-23.63049594218612,-1.9073486319243216e-06,-19.01169343618095,4.618802506006415,1.1425705025593282,1.1172916308877143,11.729163088771433,False,-0.3468048098211528,-23.22049748166204,19.774631054819892,-0.24198193987637487,-18.73168202402247,22.318411293943694
23,15,16,4.000001483493921,-25.93989701894462,7.999998092651368,-23.63049594218612,4.618799216961525,1.0073773913631539,1.0711262193643725,7.112621936437247,True,3.7680517976221504,-25.7736785664475,18.209655480204244,8.15096728363342,-23.608060328738613,17.450646634324833
24,16,17,7.999998092651368,-23.63049594218612,11.999998092651369,-25.93989701894462,4.618802153517006,1.4038327238923287,1.2047193435255377,20.471934352553767,True,8.15096728363342,-23.608060328738613,17.450646634324833,11.5022906959928,-25.833701736972515,13.606526808334579
25,16,32,7.999998092651368,-23.63049594218612,7.999998092651368,-19.01169343618095,4.618802506005171,1.1762963539874687,1.167508497364734,16.750849736473405,True,8.15096728363342,-23.608060328738613,17.450646634324833,7.938262434760427,-19.07686287063055,20.36645995108772
26,17,18,11.999998092651369,-25.93989701894462,11.999998092651369,-30.55869917246163,4.618802153517009,1.1443807421172372,1.1023126764200428,10.231267642004283,True,11.5022906959928,-25.833701736972515,13.606526808334579,11.522476721720867,-30.33660994147092,11.230521910693493
27,19,20,11.997715801477744,-16.708944224595704,15.997715801477746,-19.01834530135421,4.6188021535170085,1.718327164608538,1.2487823212503433,24.878232125034327,True,12.504549849693234,-17.313169227001005,18.994904241121247,15.462504395945563,-18.95672236601104,14.323966425215334
28,19,24,11.997715801477744,-16.708944224595704,7.997715801477743,-19.01834530135421,4.618802153517008,1.0050622296918208,1.0524560965993992,5.2456096599399205,True,12.504549849693234,-17.313169227001005,18.994904241121247,8.205559226338263,-19.31403234038338,20.06513236675103
29,20,21,15.997715801477746,-19.01834530135421,15.997715801477746,-23.63714745487121,4.618802153517002,1.656698485104779,1.1799428443609408,17.994284436094077,True,15.462504395945563,-18.95672236601104,14.323966425215334,15.03516200222546,-22.9933884580883,10.68743495323276
30,21,22,15.997715801477746,-23.63714745487121,11.997715801477744,-25.946548531629716,4.6188021535170085,1.573479134857794,1.0988051593909631,9.880515939096313,True,15.03516200222546,-22.9933884580883,10.68743495323276,11.717626061089492,-25.59765514102987,13.510383103756942
31,22,23,11.997715801477744,-25.946548531629716,7.997715801477743,-23.63714745487121,4.618802153517008,1.403701964357887,1.181923555610094,18.1923555610094,True,11.717626061089492,-25.59765514102987,13.510383103756942,8.3313431386284,-23.6518634758347,17.32462479063262
32,23,24,7.997715801477743,-23.63714745487121,7.997715801477743,-19.01834530135421,4.618802153517002,1.1761065844667267,1.1112278328858591,11.122783288585914,True,8.3313431386284,-23.6518634758347,17.32462479063262,8.205559226338263,-19.31403234038338,20.06513236675103
33,25,26,-12.000001599442156,-16.70229291033579,-8.000001599442154,-19.01169398709429,4.618802153517007,1.0050170494466517,1.1152256648823844,11.52256648823844,False,-13.061972098168802,-16.701793303165438,19.121845899947555,-8.554884190684428,-18.97385400720259,20.149838507788324
34,25,28,-12.000001599442156,-16.70229291033579,-16.000001599442157,-19.01169398709429,4.618802153517007,1.7153750569470168,1.2621849316626677,26.218493166266764,True,-13.061972098168802,-16.701793303165438,19.121845899947555,-15.573601171456552,-18.827808521684762,14.309555129556852
35,25,34,-12.000001599442156,-16.70229291033579,-12.000001907348633,-12.083489853417278,4.61880305691852,1.4474251079634117,1.2382094336225342,23.820943362253423,False,-13.061972098168802,-16.701793303165438,19.121845899947555,-12.938627895355122,-12.824221994102293,23.323834545537363
36,26,29,-8.000001599442154,-19.01169398709429,-4.000001907348633,-16.702292359422447,4.618802162318886,1.1888143701782985,1.1805780756614963,18.05780756614963,False,-8.554884190684428,-18.97385400720259,20.149838507788324,-4.817581449082012,-16.54790890387934,23.293244833982854
37,27,28,-16.000001599442157,-23.6304961406113,-16.000001599442157,-19.01169398709429,4.618802153517009,1.6739623408821582,1.1928242775308688,19.282427753086886,True,-15.035156562603168,-22.967652570345816,10.714354142121065,-15.573601171456552,-18.827808521684762,14.309555129556852
38,28,35,-16.000001599442157,-19.01169398709429,-20.000001907348633,-16.702292006934286,4.61880287187263,1.6114652026524579,1.065201353284869,6.520135328486898,True,-15.573601171456552,-18.827808521684762,14.309555129556852,-19.07652212169258,-15.576733408936752,13.140789406545412
39,29,30,-4.000001907348633,-16.702292359422447,-1.9073486319243216e-06,-19.01169343618095,4.618802153517006,1.0339309825244567,1.1177951862585858,11.779518625858575,False,-4.817581449082012,-16.54790890387934,23.293244833982854,-0.24198193987637487,-18.73168202402247,22.318411293943694
40,29,38,-4.000001907348633,-16.702292359422447,-4.000001907348632,-12.083489853417278,4.618802506005169,1.3441203505584327,1.1790178297623501,17.901782976235015,False,-4.817581449082012,-16.54790890387934,23.293244833982854,-4.583177892919675,-12.51899315042943,26.949472707888212
41,30,31,-1.9073486319243216e-06,-19.01169343618095,3.9999980926513676,-16.702292359422447,4.618802153517005,1.0339309609991916,1.1198051999529683,11.980519995296834,False,-0.24198193987637487,-18.73168202402247,22.318411293943694,4.3095987209782916,-16.535922564601687,23.419764635090107
42,31,32,3.9999980926513676,-16.702292359422447,7.999998092651368,-19.01169343618095,4.618802153517005,1.188550078225492,1.1648413413933274,16.48413413933274,True,4.3095987209782916,-16.535922564601687,23.419764635090107,7.938262434760427,-19.07686287063055,20.36645995108772
43,31,40,3.9999980926513676,-16.702292359422447,4.000001483493921,-12.083489853417278,4.618802506006413,1.3454910152970272,1.1756650237584299,17.566502375842987,False,4.3095987209782916,-16.535922564601687,23.419764635090107,4.311051728189731,-12.48505338074625,27.035998016742926
44,32,43,7.999998092651368,-19.01169343618095,11.999998092651369,-16.702292006934286,4.618802329761097,1.0050503539217608,1.074278426782282,7.4278426782282025,True,7.938262434760427,-19.07686287063055,20.36645995108772,12.245705950147038,-16.692703303471017,19.748427847022402
45,33,34,-16.000001907348633,-9.774088776658775,-12.000001907348633,-12.083489853417278,4.618802153517006,1.0020005635785771,1.1415475499452954,14.15475499452954,False,-17.549617945226434,-10.357587772405058,22.649586596256015,-12.938627895355122,-12.824221994102293,23.323834545537363
46,33,36,-16.000001907348633,-9.774088776658775,-20.000001907348633,-12.083489853417278,4.618802153517006,1.7746279285093962,1.2374080557500904,23.740805575009038,True,-17.549617945226434,-10.357587772405058,22.649586596256015,-19.831412919776216,-12.197458668297402,17.743118181548855
47,33,52,-16.000001907348633,-9.774088776658775,-16.000001907348633,-5.1552862706536065,4.618802506005169,1.2249589020704175,1.2347314653348207,23.47314653348207,False,-17.549617945226434,-10.357587772405058,22.649586596256015,-17.683305499734743,-5.849170246007649,26.139613658430907
48,34,37,-12.000001907348633,-12.083489853417278,-8.000001907348633,-9.774088776658775,4.618802153517006,1.2951556114695317,1.2567462701108338,25.674627011083384,False,-12.938627895355122,-12.824221994102293,23.323834545537363,-9.544034863657306,-10.529564922671858,27.435451308525224
49,35,36,-20.000001907348633,-16.702292006934286,-20.000001907348633,-12.083489853417278,4.618802153517008,2.3934169061653967,1.2469485512701188,24.694855127011884,True,-19.07652212169258,-15.576733408936752,13.140789406545412,-19.831412919776216,-12.197458668297402,17.743118181548855
50,36,53,-20.000001907348633,-12.083489853417278,-24.000001907348633,-9.774088424170612,4.618802329761097,1.1756543265407493,1.0500257685523453,5.002576855234531,True,-19.831412919776216,-12.197458668297402,17.743118181548855,-23.491322554749104,-9.247192799212993,16.55057929082124
51,37,38,-8.000001907348633,-9.774088776658775,-4.000001907348632,-12.083489853417278,4.618802153517007,1.02570612280853,1.1619777407061178,16.197774070611782,False,-9.544034863657306,-10.529564922671858,27.435451308525224,-4.583177892919675,-12.51899315042943,26.949472707888212
52,37,56,-8.000001907348633,-9.774088776658775,-8.000001907348633,-5.1552862706536065,4.618802506005169,1.168846379542591,1.2465812281102644,24.658122811026438,False,-9.544034863657306,-10.529564922671858,27.435451308525224,-9.489052407894606,-5.722003885385723,30.603350776443502
53,38,39,-4.000001907348632,-12.083489853417278,1.4834939202693828e-06,-9.774088776658775,4.618805090073108,1.1145149804111325,1.1999630430563555,19.996304305635547,False,-4.583177892919675,-12.51899315042943,26.949472707888212,-0.14836857628098984,-10.284158119696647,29.41039237423327
54,39,40,1.4834939202693828e-06,-9.774088776658775,4.000001483493921,-12.083489853417278,4.618802153517006,1.1136115652403011,1.1931075096986423,19.31075096986423,False,-0.14836857628098984,-10.284158119696647,29.41039237423327,4.311051728189731,-12.48505338074625,27.035998016742926
55,39,58,1.4834939202693828e-06,-9.774088776658775,-1.9073486319243216e-06,-5.1552862706536065,4.618802506006413,1.1573824095424599,1.2260331824388158,22.603318243881574,False,-0.14836857628098984,-10.284158119696647,29.41039237423327,-0.10179161313318849,-5.432400395568401,32.33026216164831
56,40,41,4.000001483493921,-12.083489853417278,7.999998092651368,-9.774088776658775,4.618799216961527,1.025432986243387,1.1629481540342328,16.29481540342328,False,4.311051728189731,-12.48505338074625,27.035998016742926,9.238956385789367,-10.430004356945043,27.62313107884066
57,41,42,7.999998092651368,-9.774088776658775,11.999998092651369,-12.083489853417278,4.618802153517007,1.2963003832705682,1.2330379990034974,23.30379990034974,False,9.238956385789367,-10.430004356945043,27.62313107884066,12.623666748129997,-12.712310868857475,23.65202999335747
58,41,50,7.999998092651368,-9.774088776658775,7.999998299868639,-5.155286685937705,4.618802090721075,1.16867226284207,1.2331245679301748,23.31245679301748,False,9.238956385789367,-10.430004356945043,27.62313107884066,9.363785289433448,-5.634580801308916,30.69358957644249
59,42,43,11.999998092651369,-12.083489853417278,11.999998092651369,-16.702292006934286,4.618802153517008,1.4466034993001042,1.2098131573565727,20.98131573565727,True,12.623666748129997,-12.712310868857475,23.65202999335747,12.245705950147038,-16.692703303471017,19.748427847022402
60,42,44,11.999998092651369,-12.083489853417278,15.999998092651369,-9.774088776658775,4.618802153517006,1.0019519265508496,1.1561665414596132,15.616654145961316,False,12.623666748129997,-12.712310868857475,23.65202999335747,17.362310644233585,-10.418797682568272,22.75661529380629
61,43,47,11.999998092651369,-16.702292006934286,15.999998092651369,-19.011693083692787,4.618802153517005,1.7182526911869622,1.2519818213864014,25.198182138640135,True,12.245705950147038,-16.692703303471017,19.748427847022402,15.348144524818544,-18.32618643340715,15.14998006351032
62,44,45,15.999998092651369,-9.774088776658775,19.99999809265137,-12.083489853417278,4.618802153517008,1.770594687970906,1.2462588611613965,24.62588611613965,True,17.362310644233585,-10.418797682568272,22.75661529380629,19.797131699166886,-12.164655695374176,17.841563845238127
63,44,49,15.999998092651369,-9.774088776658775,15.99999829986864,-5.155286685937705,4.618802090721075,1.225161739636389,1.2321121072396106,23.211210723961063,False,17.362310644233585,-10.418797682568272,22.75661529380629,17.6495786487175,-5.864127723709853,26.156408866174687
64,45,46,19.99999809265137,-12.083489853417278,19.99999809265137,-16.702292006934286,4.618802153517008,2.3961466038115073,1.243601813391724,24.360181339172392,True,19.797131699166886,-12.164655695374176,17.841563845238127,19.022704949404005,-15.567836826467342,13.27959152718587
65,45,62,19.99999809265137,-12.083489853417278,23.999998092651367,-9.774088424170612,4.6188023297610945,1.1770492297066908,1.0556469116168223,5.564691161682234,True,19.797131699166886,-12.164655695374176,17.841563845238127,23.489548280650343,-9.244443968750746,16.571883970525462
66,46,47,19.99999809265137,-16.702292006934286,15.999998092651369,-19.011693083692787,4.618802153517007,1.6075016175619612,1.0740382357205804,7.403823572058044,True,19.022704949404005,-15.567836826467342,13.27959152718587,15.348144524818544,-18.32618643340715,15.14998006351032
67,48,49,11.99999829986864,-2.8458856091792013,15.99999829986864,-5.155286685937705,4.618802153517007,1.2234327354552048,1.246482150719905,24.64821507199051,False,14.225842052174908,-3.054690584054106,29.83486905849729,17.6495786487175,-5.864127723709853,26.156408866174687
68,48,50,11.99999829986864,-2.8458856091792013,7.999998299868639,-5.155286685937705,4.618802153517007,1.0031568320353017,1.2060944930554862,20.609449305548623,False,14.225842052174908,-3.054690584054106,29.83486905849729,9.363785289433448,-5.634580801308916,30.69358957644249
69,48,74,11.99999829986864,-2.8458856091792013,11.999998092651367,1.7729134974127998,4.6187991065920055,1.0529852322300954,1.250845571035674,25.084557103567406,False,14.225842052174908,-3.054690584054106,29.83486905849729,14.579327117099597,2.469273401340212,31.489943639060552
70,49,60,15.99999829986864,-5.155286685937705,19.999998092651367,-2.8458851938951026,4.618802181703657,1.0700882987606166,1.1581567858664834,15.81567858664834,False,17.6495786487175,-5.864127723709853,26.156408866174687,21.734497476394267,-2.9919261812987408,24.23836928868492
71,50,59,7.999998299868639,-5.155286685937705,3.9999980926513676,-2.8458851938951026,4.6188025406144835,1.0766999590033124,1.250955813106757,25.09558131067571,False,9.363785289433448,-5.634580801308916,30.69358957644249,4.907017808830135,-2.8261971776485284,33.067308212686285
72,51,52,-20.000001907348633,-2.8458851938951026,-16.000001907348633,-5.1552862706536065,4.618802153517007,1.0704130475774942,1.156563720761581,15.65637207615811,False,-21.750508113634933,-2.946429876925796,24.250626212451987,-17.683305499734743,-5.849170246007649,26.139613658430907
73,51,54,-20.000001907348633,-2.8458851938951026,-24.000001907348633,-5.1552862706536065,4.618802153517007,1.6209831333626137,1.1782844598735025,17.82844598735025,True,-21.750508113634933,-2.946429876925796,24.250626212451987,-24.112893191669563,-5.181224696469263,19.886791516944527
74,51,64,-20.000001907348633,-2.8458851938951026,-20.000000211927624,1.7729134974127998,4.618798691308213,1.0748309297318308,1.1904660293363798,19.046602933637978,False,-21.750508113634933,-2.946429876925796,24.250626212451987,-22.382600186319873,2.286263136901121,25.81687585354062
75,52,55,-16.000001907348633,-5.1552862706536065,-12.000001907348633,-2.8458851938951026,4.618802153517007,1.2233732445111094,1.2495749455788048,24.957494557880477,False,-17.683305499734743,-5.849170246007649,26.139613658430907,-14.27598317849033,-3.005194769308791,29.82914285679867
76,53,54,-24.000001907348633,-9.774088424170612,-24.000001907348633,-5.1552862706536065,4.618802153517006,1.5120396478128155,1.1466409915272424,14.66409915272424,True,-23.491322554749104,-9.247192799212993,16.55057929082124,-24.112893191669563,-5.181224696469263,19.886791516944527
77,54,65,-24.000001907348633,-5.1552862706536065,-28.000000211927624,-2.845888656104206,4.618798954135292,1.489612451951323,1.1348694094662575,13.486940946625747,True,-24.112893191669563,-5.181224696469263,19.886791516944527,-27.32478776964695,-2.642221246408936,16.61372471817399
78,55,56,-12.000001907348633,-2.8458851938951026,-8.000001907348633,-5.1552862706536065,4.618802153517007,1.0031382578988317,1.203416150716543,20.341615071654306,False,-14.27598317849033,-3.005194769308791,29.82914285679867,-9.489052407894606,-5.722003885385723,30.603350776443502
79,55,68,-12.000001907348633,-2.8458851938951026,-12.000001907348633,1.7729134974127998,4.618798691307902,1.052922864348906,1.25872387675589,25.872387675588993,False,-14.27598317849033,-3.005194769308791,29.82914285679867,-14.60330950025762,2.554705864934747,31.496638613709838
80,56,57,-8.000001907348633,-5.1552862706536065,-4.000001907348633,-2.8458851938951026,4.618802153517007,1.0769986529780442,1.2577148968585128,25.77148968585128,False,-9.489052407894606,-5.722003885385723,30.603350776443502,-5.0927928576605765,-2.8101942946355964,33.04063022810564
81,57,58,-4.000001907348633,-2.8458851938951026,-1.9073486319243216e-06,-5.1552862706536065,4.618802153517007,1.0124788618649365,1.2302949541259434,23.029495412594336,False,-5.0927928576605765,-2.8101942946355964,33.04063022810564,-0.10179161313318849,-5.432400395568401,32.33026216164831
82,57,70,-4.000001907348633,-2.8458851938951026,-4.000001907348632,1.7729134974127998,4.618798691307902,1.0448031168424348,1.2658060846393577,26.580608463935775,False,-5.0927928576605765,-2.8101942946355964,33.04063022810564,-5.148649715241582,2.8109951686295243,34.647089706327186
83,58,59,-1.9073486319243216e-06,-5.1552862706536065,3.9999980926513676,-2.8458851938951026,4.618802153517006,1.0124284145635982,1.2328264765366503,23.282647653665034,False,-0.10179161313318849,-5.432400395568401,32.33026216164831,4.907017808830135,-2.8261971776485284,33.067308212686285
84,59,72,3.9999980926513676,-2.8458851938951026,4.000001483493382,1.7729134974127998,4.618798691309147,1.0449064008776843,1.2601334155401256,26.01334155401256,False,4.907017808830135,-2.8261971776485284,33.067308212686285,5.044044527849613,2.771120408880818,34.65701935840021
85,60,61,19.999998092651367,-2.8458851938951026,23.999998092651367,-5.1552862706536065,4.618802153517007,1.6204802839590637,1.1747068961304363,17.470689613043632,True,21.734497476394267,-2.9919261812987408,24.23836928868492,24.119581249932388,-5.180227278257116,19.883905533601038
86,60,76,19.999998092651367,-2.8458851938951026,19.999998092651367,1.7729134974127998,4.618798691307902,1.0739650843127033,1.1844365121556184,18.44365121556184,False,21.734497476394267,-2.9919261812987408,24.23836928868492,22.38555679218971,2.214855647086794,25.78556569486436
87,61,62,23.999998092651367,-5.1552862706536065,23.999998092651367,-9.774088424170612,4.618802153517006,1.511788647823448,1.1432741978348904,14.327419783489038,True,24.119581249932388,-5.180227278257116,19.883905533601038,23.489548280650343,-9.244443968750746,16.571883970525462
88,61,79,23.999998092651367,-5.1552862706536065,27.999998092651367,-2.845888656104206,4.618800422413428,1.4957595350584196,1.1345759500505341,13.457595005053413,True,24.119581249932388,-5.180227278257116,19.883905533601038,27.32033288906465,-2.6514801987328056,16.594193021638766
89,63,64,-24.000000211927624,4.082314574171304,-20.000000211927624,1.7729134974127998,4.618802153517007,1.2167517870380602,1.1809281602990993,18.09281602990993,False,-25.942281105736125,4.457155829444509,22.30017595758649,-22.382600186319873,2.286263136901121,25.81687585354062
90,63,66,-24.000000211927624,4.082314574171304,-28.000000211927624,1.7729134974127998,4.618802153517007,1.7135075512231388,1.1892586146178745,18.925861461787452,True,-25.942281105736125,4.457155829444509,22.30017595758649,-28.171463198453434,1.9762558858775914,17.935730389174417
91,63,81,-24.000000211927624,4.082314574171304,-24.000000211927897,8.701117080176472,4.618802506005168,1.006489496035568,1.1634924598348768,16.34924598348768,False,-25.942281105736125,4.457155829444509,22.30017595758649,-26.19341519108958,9.82362272674364,22.431386246443054
92,64,67,-20.000000211927624,1.7729134974127998,-16.000001907348633,4.082314574171304,4.61880068523942,1.2222374766645034,1.2298922226047984,22.989222260479835,False,-22.382600186319873,2.286263136901121,25.81687585354062,-19.057260878943104,5.353636354589315,29.2524054499656
93,65,66,-28.000000211927624,-2.845888656104206,-28.000000211927624,1.7729134974127998,4.618802153517006,1.2145213926593497,1.0561180974746809,5.611809747468088,True,-27.32478776964695,-2.642221246408936,16.61372471817399,-28.171463198453434,1.9762558858775914,17.935730389174417
94,66,82,-28.000000211927624,1.7729134974127998,-32.0000002119279,4.082314926659466,4.618802329761334,2.7557032021616377,1.2057010434197404,20.570104341974037,True,-28.171463198453434,1.9762558858775914,17.935730389174417,-30.561968315009292,4.136305397451172,13.393455567138409
95,67,68,-16.000001907348633,4.082314574171304,-12.000001907348633,1.7729134974127998,4.618802153517007,1.0497617494132734,1.238224735941196,23.822473594119597,False,-19.057260878943104,5.353636354589315,29.2524054499656,-14.60330950025762,2.554705864934747,31.496638613709838
96,67,85,-16.000001907348633,4.082314574171304,-16.000001907348633,8.701117080176472,4.618802506005168,1.0040417061016096,1.254104228057628,25.4104228057628,False,-19.057260878943104,5.353636354589315,29.2524054499656,-19.572877531925684,11.118341316926076,29.01808486760021
97,68,69,-12.000001907348633,1.7729134974127998,-8.000001907348633,4.082314574171304,4.618802153517007,1.0708169868268453,1.267247757257206,26.724775725720605,False,-14.60330950025762,2.554705864934747,31.496638613709838,-10.221888771973441,5.6535775775576536,33.833240115956265
98,69,70,-8.000001907348633,4.082314574171304,-4.000001907348632,1.7729134974127998,4.618802153517007,1.002398919389133,1.2713252270154234,27.13252270154234,False,-10.221888771973441,5.6535775775576536,33.833240115956265,-5.148649715241582,2.8109951686295243,34.647089706327186
99,69,87,-8.000001907348633,4.082314574171304,-8.000001907348633,8.701117080176472,4.618802506005168,1.0030602353309188,1.27820839612149,27.82083961214901,False,-10.221888771973441,5.6535775775576536,33.833240115956265,-10.58555500195181,11.545746968715969,33.76360959668997
100,70,71,-4.000001907348632,1.7729134974127998,1.4834933813592088e-06,4.082314574171304,4.618805090072641,1.0108747897390367,1.2790467053389012,27.90467053389012,False,-5.148649715241582,2.8109951686295243,34.647089706327186,-0.04523318497315543,5.668359610464131,35.47843961145704
101,71,72,1.4834933813592088e-06,4.082314574171304,4.000001483493382,1.7729134974127998,4.618802153517007,1.0108698737787887,1.2803101527600698,28.031015276006976,False,-0.04523318497315543,5.668359610464131,35.47843961145704,5.044044527849613,2.771120408880818,34.65701935840021
102,71,89,1.4834933813592088e-06,4.082314574171304,-1.9073486319243216e-06,8.701117080176472,4.618802506006412,1.003079972761879,1.2753255655982134,27.53255655982134,False,-0.04523318497315543,5.668359610464131,35.47843961145704,-0.07257151469869612,11.558589475966523,35.524948459997034
103,72,73,4.000001483493382,1.7729134974127998,7.999998092651367,4.082314574171304,4.6187992169619925,1.0023875774280686,1.2687200909665166,26.87200909665166,False,5.044044527849613,2.771120408880818,34.65701935840021,10.162659872184127,5.503595554856487,33.83694183428685
104,73,74,7.999998092651367,4.082314574171304,11.999998092651367,1.7729134974127998,4.618802153517007,1.0707279556437166,1.2665614315692075,26.656143156920752,False,10.162659872184127,5.503595554856487,33.83694183428685,14.579327117099597,2.469273401340212,31.489943639060552
105,73,91,7.999998092651367,4.082314574171304,7.999998092651368,8.701117080176472,4.618802506005168,1.0030540584106509,1.268888688994285,26.8888688994285,False,10.162659872184127,5.503595554856487,33.83694183428685,10.458404879432752,11.356864255188043,33.82566813537529
106,74,75,11.999998092651367,1.7729134974127998,15.999998092651367,4.082314574171304,4.618802153517007,1.049995600539149,1.2360719043280453,23.607190432804526,False,14.579327117099597,2.469273401340212,31.489943639060552,19.055462772471063,5.202572209539254,29.234300210512494
107,75,76,15.999998092651367,4.082314574171304,19.999998092651367,1.7729134974127998,4.618802153517007,1.2228075746193003,1.2230164974320676,22.301649743206763,False,19.055462772471063,5.202572209539254,29.234300210512494,22.38555679218971,2.214855647086794,25.78556569486436
108,75,94,15.999998092651367,4.082314574171304,15.999998092651367,8.701117080176472,4.618802506005168,1.0040581667778679,1.2416589894898398,24.165898948983976,False,19.055462772471063,5.202572209539254,29.234300210512494,19.543938973489656,10.91377681109468,29.051265590490345
109,76,77,19.999998092651367,1.7729134974127998,23.999998092651367,4.082314574171304,4.618802153517007,1.2146204543324064,1.177997324921002,17.799732492100205,False,22.38555679218971,2.214855647086794,25.78556569486436,25.934462857115555,4.3907973847041015,22.28209110850351
110,77,78,23.999998092651367,4.082314574171304,27.999998092651367,1.7729134974127998,4.618802153517007,1.7131719780450048,1.1856176810831183,18.561768108311828,True,25.934462857115555,4.3907973847041015,22.28209110850351,28.18173094142101,1.9705814981433896,17.913981756098437
111,77,93,23.999998092651367,4.082314574171304,23.999998092651367,8.701117080176472,4.618802506005168,1.0061077781807084,1.1578976616779908,15.78976616779908,False,25.934462857115555,4.3907973847041015,22.28209110850351,26.1954575856605,9.730119557833271,22.44240561320961
112,78,79,27.999998092651367,1.7729134974127998,27.999998092651367,-2.845888656104206,4.618802153517006,1.2199002708037925,1.057280634116808,5.728063411680795,True,28.18173094142101,1.9705814981433896,17.913981756098437,27.32033288906465,-2.6514801987328056,16.594193021638766
113,78,97,27.999998092651367,1.7729134974127998,31.99999809265137,4.082314926659466,4.618802329761101,2.7205033416972184,1.2058412991616434,20.58412991616434,True,28.18173094142101,1.9705814981433896,17.913981756098437,30.570233230233544,4.153490336103081,13.380796273927889
114,80,81,-28.000000211927897,11.010518156934975,-24.000000211927897,8.701117080176472,4.618802153517006,1.5550206875612491,1.1380197159947552,13.801971599475515,True,-28.809282408516854,11.301390463893581,18.118382205057582,-26.19341519108958,9.82362272674364,22.431386246443054
115,80,83,-28.000000211927897,11.010518156934975,-32.0000002119279,8.701117080176472,4.618802153517006,2.4310963348991286,1.1734625457692869,17.346254576928686,True,-28.809282408516854,11.301390463893581,18.118382205057582,-30.830300492962916,8.843059709591618,13.73108214013235
116,80,101,-28.000000211927897,11.010518156934975,-28.000000211927624,15.629320662940144,4.618802506005169,1.0371131765484831,1.2506639316477264,25.066393164772638,True,-28.809282408516854,11.301390463893581,18.118382205057582,-29.422851042891565,16.173886564110997,15.076824577382359
117,81,84,-24.000000211927897,8.701117080176472,-20.000001907348633,11.010518156934975,4.618800685239657,1.2669464460449396,1.1861860431234192,18.618604312341922,False,-26.19341519108958,9.82362272674364,22.431386246443054,-23.367019492738663,13.545404717468575,25.290862323556574
118,82,83,-32.0000002119279,4.082314926659466,-32.0000002119279,8.701117080176472,4.618802153517006,1.2018527982144247,1.0233110326144503,2.3311032614450333,True,-30.561968315009292,4.136305397451172,13.393455567138409,-30.830300492962916,8.843059709591618,13.73108214013235
119,84,85,-20.000001907348633,11.010518156934975,-16.000001907348633,8.701117080176472,4.618802153517006,1.1630625188605919,1.2657446769691385,26.57446769691385,False,-23.367019492738663,13.545404717468575,25.290862323556574,-19.572877531925684,11.118341316926076,29.01808486760021
120,84,100,-20.000001907348633,11.010518156934975,-20.000000211927624,15.629320662940144,4.61880250600548,1.0155945637581383,1.267667867356888,26.766786735688797,False,-23.367019492738663,13.545404717468575,25.290862323556574,-23.993548993197056,18.795336792366697,22.775319023510665
121,85,86,-16.000001907348633,8.701117080176472,-12.000001907348633,11.010518156934975,4.618802153517006,1.0757134367924943,1.244768884149197,24.476888414919706,False,-19.572877531925684,11.118341316926076,29.01808486760021,-15.354548411549697,14.299325004587187,31.285675323687315
122,86,87,-12.000001907348633,11.010518156934975,-8.000001907348633,8.701117080176472,4.618802153517006,1.0423740648854074,1.3074124325673366,30.741243256733664,False,-15.354548411549697,14.299325004587187,31.285675323687315,-10.58555500195181,11.545746968715969,33.76360959668997
123,86,103,-12.000001907348633,11.010518156934975,-12.000001907348633,15.629320662940144,4.618802506005169,1.0109478123128173,1.2812057741523482,28.120577415234816,False,-15.354548411549697,14.299325004587187,31.285675323687315,-15.899251530112112,19.849137461471514,29.305447749302523
124,87,88,-8.000001907348633,8.701117080176472,-4.000001907348633,11.010518156934975,4.618802153517006,1.0108081198056338,1.285128962403635,28.512896240363506,False,-10.58555500195181,11.545746968715969,33.76360959668997,-5.419945616499258,14.306994858204568,34.7254796692935
125,88,89,-4.000001907348633,11.010518156934975,-1.9073486319243216e-06,8.701117080176472,4.618802153517007,1.0024481902535687,1.3131657646640986,31.316576466409863,False,-5.419945616499258,14.306994858204568,34.7254796692935,-0.07257151469869612,11.558589475966523,35.524948459997034
126,88,105,-4.000001907348633,11.010518156934975,-4.000001907348632,15.629320662940144,4.618802506005169,1.009504181636989,1.2682002093453633,26.820020934536327,False,-5.419945616499258,14.306994858204568,34.7254796692935,-5.6882064041853715,19.950995336136394,33.18133661476686
127,89,90,-1.9073486319243216e-06,8.701117080176472,3.9999980926513676,11.010518156934975,4.618802153517006,1.0024460725211308,1.304834095981315,30.483409598131495,False,-0.07257151469869612,11.558589475966523,35.524948459997034,5.303613989652121,14.175668725046592,34.77030372353888
128,90,91,3.9999980926513676,11.010518156934975,7.999998092651368,8.701117080176472,4.618802153517006,1.0107952197728476,1.288346763135653,28.83467631356531,False,5.303613989652121,14.175668725046592,34.77030372353888,10.458404879432752,11.356864255188043,33.82566813537529
129,90,107,3.9999980926513676,11.010518156934975,4.000001483493382,15.629320662940144,4.618802506006413,1.0095047212536898,1.2618085425525993,26.180854255259934,False,5.303613989652121,14.175668725046592,34.77030372353888,5.408550127439857,19.808672248048126,33.27887423260816
130,91,98,7.999998092651368,8.701117080176472,11.999998498106786,11.01051866493755,4.618802758652992,1.042479969260563,1.2972810506425676,29.72810506425676,False,10.458404879432752,11.356864255188043,33.82566813537529,15.27147469213887,13.96852878772459,31.393332479794157
131,92,93,19.999998092651367,11.010518156934975,23.999998092651367,8.701117080176472,4.618802153517006,1.2671724223344023,1.1799388568191298,17.993885681912978,False,23.33282839344828,13.322307781809895,25.375491518729532,26.1954575856605,9.730119557833271,22.44240561320961
132,92,94,19.999998092651367,11.010518156934975,15.999998092651367,8.701117080176472,4.618802153517006,1.1633055698398838,1.2562596921304825,25.62596921304825,False,23.33282839344828,13.322307781809895,25.375491518729532,19.543938973489656,10.91377681109468,29.051265590490345
133,92,111,19.999998092651367,11.010518156934975,19.999998092651367,15.629320662940144,4.618802506005169,1.01547834975867,1.2496976277373937,24.96976277373937,False,23.33282839344828,13.322307781809895,25.375491518729532,23.910704007576776,18.5484213002701,22.99410303400542
134,93,95,23.999998092651367,8.701117080176472,27.99999809265137,11.010518156934975,4.618802153517009,1.5531850241404062,1.1369945608820617,13.699456088206174,True,26.1954575856605,9.730119557833271,22.44240561320961,28.805159889795842,11.263151030678744,18.1507769567206
135,94,98,15.999998092651367,8.701117080176472,11.999998498106786,11.01051866493755,4.618802056383646,1.0756696256653537,1.2450666280942266,24.506662809422664,False,19.543938973489656,10.91377681109468,29.051265590490345,15.27147469213887,13.96852878772459,31.393332479794157
136,95,96,27.99999809265137,11.010518156934975,31.99999809265137,8.701117080176472,4.618802153517006,2.575496570683203,1.1747674244349944,17.47674244349944,True,28.805159889795842,11.263151030678744,18.1507769567206,30.81702288967733,8.829540005207548,13.738111169991408
137,95,113,27.99999809265137,11.010518156934975,27.999998092651367,15.629320662940144,4.618802506005169,1.0378865177630796,1.2430645386551384,24.306453865513845,True,28.805159889795842,11.263151030678744,18.1507769567206,29.40921906308123,16.119596014894835,15.148356621368753
138,96,97,31.99999809265137,8.701117080176472,31.99999809265137,4.082314926659466,4.618802153517006,1.1048998237973826,1.0167507894073327,1.6750789407332656,True,30.81702288967733,8.829540005207548,13.738111169991408,30.570233230233544,4.153490336103081,13.380796273927889
139,98,109,11.999998498106786,11.01051866493755,11.999998092651367,15.629320662940144,4.618801998002612,1.0109758396507047,1.2623479835365852,26.23479835365852,False,15.27147469213887,13.96852878772459,31.393332479794157,15.661633751169989,19.50408119740204,29.604316452669234
140,99,100,-24.000000211927624,17.938721739698646,-20.000000211927624,15.629320662940144,4.618802153517006,1.4280935513316841,1.3255797066241561,32.55797066241561,False,-26.85731350259688,20.328562064423288,17.585503386105387,-23.993548993197056,18.795336792366697,22.775319023510665
141,99,101,-24.000000211927624,17.938721739698646,-28.000000211927624,15.629320662940144,4.618802153517006,1.4477468111289635,1.1885544150792315,18.855441507923153,True,-26.85731350259688,20.328562064423288,17.585503386105387,-29.422851042891565,16.173886564110997,15.076824577382359
142,99,118,-24.000000211927624,17.938721739698646,-24.000000211927627,22.557528060401083,4.618806320702436,1.1671415271297503,1.311061955960788,31.10619559607879,False,-26.85731350259688,20.328562064423288,17.585503386105387,-26.750070078137046,24.523038122529314,13.21921786354518
143,100,102,-20.000000211927624,15.629320662940144,-16.000001907348633,17.938721739698646,4.61880068523942,1.0966476838007049,1.2350244532715988,23.502445327159883,False,-23.993548993197056,18.795336792366697,22.775319023510665,-19.98343188967741,22.06566160851152,25.176014255197714
144,101,119,-28.000000211927624,15.629320662940144,-32.00000021192763,17.938725906884073,4.618804237111132,3.468787756484758,1.5126709637385807,51.26709637385807,True,-29.422851042891565,16.173886564110997,15.076824577382359,-30.86488232086626,17.991806128562672,8.486670929038954
145,102,103,-16.000001907348633,17.938721739698646,-12.000001907348633,15.629320662940144,4.618802153517006,1.1505953023890496,1.3459266583514762,34.59266583514762,False,-19.98343188967741,22.06566160851152,25.176014255197714,-15.899251530112112,19.849137461471514,29.305447749302523
146,102,122,-16.000001907348633,17.938721739698646,-16.000001907348633,22.557528060401083,4.618806320702436,1.0921955810277122,1.2883700552341404,28.83700552341404,False,-19.98343188967741,22.06566160851152,25.176014255197714,-20.22419676999141,26.675389423198848,21.420531575015517
147,103,104,-12.000001907348633,15.629320662940144,-8.000001907348633,17.938721739698646,4.618802153517006,1.012300700506649,1.2668617490717022,26.686174907170223,False,-15.899251530112112,19.849137461471514,29.305447749302523,-10.800302690689675,22.356057463246348,30.703576826994848
148,104,105,-8.000001907348633,17.938721739698646,-4.000001907348632,15.629320662940144,4.618802153517007,1.0424501675063775,1.3356379417421034,33.56379417421034,False,-10.800302690689675,22.356057463246348,30.703576826994848,-5.6882064041853715,19.950995336136394,33.18133661476686
149,104,124,-8.000001907348633,17.938721739698646,-8.000001907348633,22.557528060401083,4.618806320702436,1.0714469388593766,1.2541159801619075,25.41159801619075,False,-10.800302690689675,22.356057463246348,30.703576826994848,-11.114552752139868,27.234971058082788,27.59701550175524
150,105,106,-4.000001907348632,15.629320662940144,1.4834933813592088e-06,17.938721739698646,4.618805090072641,1.0023008268172864,1.2959808896320608,29.59808896320608,False,-5.6882064041853715,19.950995336136394,33.18133661476686,-0.12843753259013976,22.139564920322776,32.82087841791729
151,106,107,1.4834933813592088e-06,17.938721739698646,4.000001483493382,15.629320662940144,4.618802153517007,1.0023026168344435,1.3044584573791256,30.445845737912556,False,-0.12843753259013976,22.139564920322776,32.82087841791729,5.408550127439857,19.808672248048126,33.27887423260816
152,106,126,1.4834933813592088e-06,17.938721739698646,-1.9073486319243216e-06,22.557528060401083,4.618806320703681,1.068005651601817,1.2250973464143233,22.50973464143233,False,-0.12843753259013976,22.139564920322776,32.82087841791729,-0.24975112093854304,27.089536629831656,30.08198404756886
153,107,108,4.000001483493382,15.629320662940144,7.999998092651367,17.938721739698646,4.6187992169619925,1.0425531034176188,1.320193880274145,32.01938802741451,False,5.408550127439857,19.808672248048126,33.27887423260816,10.549537016382745,22.085813822186783,30.919435121610277
154,108,109,7.999998092651367,17.938721739698646,11.999998092651367,15.629320662940144,4.618802153517006,1.0123177161959176,1.272210431537939,27.2210431537939,False,10.549537016382745,22.085813822186783,30.919435121610277,15.661633751169989,19.50408119740204,29.604316452669234
155,108,116,7.999998092651367,17.938721739698646,7.999998478369835,22.557527540124255,4.6188058004256245,1.0711573190940895,1.2423760449490846,24.23760449490846,False,10.549537016382745,22.085813822186783,30.919435121610277,10.652704027402015,27.00365809505313,27.96440912090824
156,109,110,11.999998092651367,15.629320662940144,15.999998092651367,17.938721739698646,4.618802153517006,1.150704014028977,1.32461185037011,32.461185037011006,False,15.661633751169989,19.50408119740204,29.604316452669234,19.8231462386579,21.55032847905854,25.61356727064814
157,110,111,15.999998092651367,17.938721739698646,19.999998092651367,15.629320662940144,4.618802153517006,1.0963520363016466,1.2358164326549639,23.58164326549639,False,19.8231462386579,21.55032847905854,25.61356727064814,23.910704007576776,18.5484213002701,22.99410303400542
158,110,115,15.999998092651367,17.938721739698646,15.999998478369836,22.557527540124255,4.6188058004256245,1.0913355638202509,1.255718457161761,25.5718457161761,False,19.8231462386579,21.55032847905854,25.61356727064814,19.832028490015677,26.260980985218616,22.229968221633214
159,111,112,19.999998092651367,15.629320662940144,23.999998092651367,17.938721739698646,4.618802153517006,1.4271443734125284,1.3158955149605247,31.589551496052472,False,23.910704007576776,18.5484213002701,22.99410303400542,26.796837819189843,20.078295726485013,17.868665427088374
160,112,113,23.999998092651367,17.938721739698646,27.999998092651367,15.629320662940144,4.618802153517006,1.4498233397168137,1.183795257222019,18.379525722201894,True,26.796837819189843,20.078295726485013,17.868665427088374,29.40921906308123,16.119596014894835,15.148356621368753
161,112,129,23.999998092651367,17.938721739698646,23.999998092651367,22.557528060401083,4.618806320702436,1.1686292652930867,1.2849778372867169,28.49778372867169,False,26.796837819189843,20.078295726485013,17.868665427088374,26.70909456963952,24.29587195442039,13.69382007890361
162,113,132,27.999998092651367,15.629320662940144,31.999998092651367,17.938725906884073,4.61880423711113,3.396260621883408,1.5051121205972358,50.511212059723576,True,29.40921906308123,16.119596014894835,15.148356621368753,30.696793587027436,17.96414964984648,8.570549192273607
163,114,115,11.999998478369836,24.86692861688276,15.999998478369836,22.557527540124255,4.618802153517007,1.0171629982359942,1.2495312481960013,24.953124819600127,False,14.985976545092393,28.806069647032746,24.0593512256175,19.832028490015677,26.260980985218616,22.229968221633214
164,114,116,11.999998478369836,24.86692861688276,7.999998478369835,22.557527540124255,4.618802153517008,1.1630334937152855,1.321849118201459,32.18491182014589,False,14.985976545092393,28.806069647032746,24.0593512256175,10.652704027402015,27.00365809505313,27.96440912090824
165,114,143,11.999998478369836,24.86692861688276,11.999998092651367,29.48573545786202,4.618806840979277,1.256750508414505,1.2314239036064416,23.14239036064416,False,14.985976545092393,28.806069647032746,24.0593512256175,14.61366034458466,32.666795397063865,19.899277583687926
166,115,128,15.999998478369836,22.557527540124255,19.999998092651367,24.866929137159584,4.618802079613472,1.4266146043323658,1.3467137697109812,34.67137697109812,False,19.832028490015677,26.260980985218616,22.229968221633214,23.035664958448045,27.28246678363355,16.996974582784272
167,116,127,7.999998478369835,22.557527540124255,3.9999980926513676,24.866929137159584,4.618802747697417,1.0032629252137562,1.2567361449510455,25.673614495104545,False,10.652704027402015,27.00365809505313,27.96440912090824,5.144361329994048,28.79375348966856,28.348193287149762
168,117,118,-28.000000211927627,24.866929137159584,-24.000000211927627,22.557528060401083,4.618802153517005,2.9104395959473774,1.3852196647721366,38.52196647721367,True,-28.110243830041853,24.889372160840075,6.9781569102033565,-26.750070078137046,24.523038122529314,13.21921786354518
169,117,120,-28.000000211927627,24.866929137159584,-32.00000021192763,22.557528060401083,4.618802153517005,1.437959516230351,1.2775727602793328,27.757276027933276,True,-28.110243830041853,24.889372160840075,6.9781569102033565,-31.501560917802603,22.151976432300152,3.0
170,117,135,-28.000000211927627,24.866929137159584,-28.000000211927624,29.48573545786202,4.618806320702436,1.4379588463044366,1.2482654701056692,24.826547010566923,True,-28.110243830041853,24.889372160840075,6.9781569102033565,-27.996023977382027,29.060963063608146,3.0
171,118,121,-24.000000211927627,22.557528060401083,-20.000001907348633,24.866929137159584,4.618800685239422,1.1756677732557672,1.2341205566112543,23.41205566112543,False,-26.750070078137046,24.523038122529314,13.21921786354518,-23.100118815856483,28.008759344790597,15.868631329817624
172,119,120,-32.00000021192763,17.938725906884073,-32.00000021192763,22.557528060401083,4.618802153517009,1.0,1.4971212137088479,49.71212137088479,True,-30.86488232086626,17.991806128562672,8.486670929038954,-31.501560917802603,22.151976432300152,3.0
173,121,122,-20.000001907348633,24.866929137159584,-16.000001907348633,22.557528060401083,4.618802153517005,1.4242329576592236,1.3841581256928588,38.415812569285876,False,-23.100118815856483,28.008759344790597,15.868631329817624,-20.22419676999141,26.675389423198848,21.420531575015517
174,121,134,-20.000001907348633,24.866929137159584,-20.000000211927624,29.48573545786202,4.618806320702747,1.4318077409672019,1.303696852231151,30.369685223115095,False,-23.100118815856483,28.008759344790597,15.868631329817624,-22.44525085518964,31.240439343103873,10.830165816413771
175,122,123,-16.000001907348633,22.557528060401083,-12.000001907348633,24.866929137159584,4.618802153517005,1.0173187667658503,1.2531424006981875,25.31424006981875,False,-20.22419676999141,26.675389423198848,21.420531575015517,-15.393441865764572,29.115159248403693,23.47296158659466
176,123,124,-12.000001907348633,24.866929137159584,-8.000001907348633,22.557528060401083,4.618802153517005,1.1631136000343434,1.3495106816836462,34.95106816836462,False,-15.393441865764572,29.115159248403693,23.47296158659466,-11.114552752139868,27.234971058082788,27.59701550175524
177,123,137,-12.000001907348633,24.866929137159584,-12.000001907348633,29.48573545786202,4.618806320702436,1.2573265562772267,1.2422109781773993,24.221097817739935,False,-15.393441865764572,29.115159248403693,23.47296158659466,-15.172964170575536,32.85721256169693,19.129265108654756
178,124,125,-8.000001907348633,22.557528060401083,-4.000001907348633,24.866929137159584,4.618802153517005,1.0032702499501986,1.2581657076506685,25.81657076506685,False,-11.114552752139868,27.234971058082788,27.59701550175524,-5.584401665732555,28.936073609524655,28.139177187072082
179,125,126,-4.000001907348633,24.866929137159584,-1.9073486319243216e-06,22.557528060401083,4.618802153517006,1.0491049893760922,1.2925754405504877,29.25754405504877,False,-5.584401665732555,28.936073609524655,28.139177187072082,-0.24975112093854304,27.089536629831656,30.08198404756886
180,125,139,-4.000001907348633,24.866929137159584,-4.000001907348632,29.48573545786202,4.618806320702436,1.2141026871741334,1.1656231012882905,16.56231012882905,False,-5.584401665732555,28.936073609524655,28.139177187072082,-5.584074609639594,32.84763020462326,24.43986764303988
181,126,127,-1.9073486319243216e-06,22.557528060401083,3.9999980926513676,24.866929137159584,4.618802153517005,1.0489356240387275,1.2809939007387916,28.09939007387916,False,-0.24975112093854304,27.089536629831656,30.08198404756886,5.144361329994048,28.79375348966856,28.348193287149762
182,127,141,3.9999980926513676,24.866929137159584,4.000001483493382,29.48573545786202,4.618806320703681,1.2140326570794384,1.1627847507774702,16.278475077747025,False,5.144361329994048,28.79375348966856,28.348193287149762,5.085110102313337,32.73351241771573,24.698677388173756
183,128,129,19.999998092651367,24.866929137159584,23.999998092651367,22.557528060401083,4.618802153517005,1.1754734642905966,1.2498374292802092,24.983742928020924,False,23.035664958448045,27.28246678363355,16.996974582784272,26.70909456963952,24.29587195442039,13.69382007890361
184,128,145,19.999998092651367,24.866929137159584,19.999998092651367,29.48573545786202,4.618806320702436,1.4320687892376602,1.2344791399655604,23.447913996556036,False,23.035664958448045,27.28246678363355,16.996974582784272,21.92849435696478,30.969447466821848,12.790895811016483
185,129,130,23.999998092651367,22.557528060401083,27.999998092651367,24.866929137159584,4.618802153517005,3.151108839982657,1.3943434915399602,39.43434915399602,True,26.70909456963952,24.29587195442039,13.69382007890361,27.962107165138292,24.74596585667092,7.392748049012582
186,130,131,27.999998092651367,24.866929137159584,31.999998092651367,22.557528060401083,4.618802153517005,1.2662851534586654,1.3348245926617617,33.482459266176164,True,27.962107165138292,24.74596585667092,7.392748049012582,31.42629938910303,22.154837479359085,3.0
187,130,147,27.999998092651367,24.866929137159584,27.999998092651367,29.48573545786202,4.618806320702436,1.1872518084441566,1.2219199968916992,22.19199968916992,True,27.962107165138292,24.74596585667092,7.392748049012582,27.34909218672228,29.36745117428078,4.211757985208743
188,131,132,31.999998092651367,22.557528060401083,31.999998092651367,17.938725906884073,4.618802153517009,1.0027586870511476,1.5174772676925903,51.74772676925903,True,31.42629938910303,22.154837479359085,3.0,30.696793587027436,17.96414964984648,8.570549192273607
189,133,134,-24.000000211927624,31.79513653462052,-20.000000211927624,29.48573545786202,4.618802153517005,3.3666770842628284,1.4357569592428798,43.575695924287984,True,-24.132192781072764,31.146220683097937,4.417534419622687,-22.44525085518964,31.240439343103873,10.830165816413771
190,133,135,-24.000000211927624,31.79513653462052,-28.000000211927624,29.48573545786202,4.618802153517005,1.0105027203748471,0.9989110011977093,-0.10889988022907415,True,-24.132192781072764,31.146220683097937,4.417534419622687,-27.996023977382027,29.060963063608146,3.0
191,133,150,-24.000000211927624,31.79513653462052,-24.000001907348633,36.413927596533895,4.618791061913685,1.0105027705554073,1.1245692711269817,12.456927112698168,True,-24.132192781072764,31.146220683097937,4.417534419622687,-23.945462958116725,36.139709196963985,3.0
192,134,136,-20.000000211927624,29.48573545786202,-16.000001907348633,31.79513653462052,4.618800685239419,1.0414850745552375,1.2727901120328038,27.27901120328038,False,-22.44525085518964,31.240439343103873,10.830165816413771,-18.053090323657326,33.87629082209533,13.714793548292388
193,136,137,-16.000001907348633,31.79513653462052,-12.000001907348633,29.48573545786202,4.618802153517005,1.5411014140485648,1.34600362363325,34.600362363325,False,-18.053090323657326,33.87629082209533,13.714793548292388,-15.172964170575536,32.85721256169693,19.129265108654756
194,136,149,-16.000001907348633,31.79513653462052,-16.000001907348633,36.413927596533895,4.618791061913374,2.342649817669354,1.2153935390943917,21.539353909439175,True,-18.053090323657326,33.87629082209533,13.714793548292388,-16.1984331429492,36.43119040352425,9.073049491381104
195,137,138,-12.000001907348633,29.48573545786202,-8.000001907348633,31.79513653462052,4.618802153517005,1.0046583611851854,1.2227547546663684,22.27547546663684,False,-15.172964170575536,32.85721256169693,19.129265108654756,-10.031511321230651,34.12673966117002,21.09136931832269
196,138,139,-8.000001907348633,31.79513653462052,-4.000001907348632,29.48573545786202,4.618802153517006,1.2111744268714353,1.2367091286467633,23.670912864676332,False,-10.031511321230651,34.12673966117002,21.09136931832269,-5.584074609639594,32.84763020462326,24.43986764303988
197,138,152,-8.000001907348633,31.79513653462052,-8.000001907348633,36.413927596533895,4.618791061913374,1.6794475517469343,1.1112193548594136,11.121935485941359,True,-10.031511321230651,34.12673966117002,21.09136931832269,-8.524930804355844,37.03916322983637,17.14289392270215
198,139,140,-4.000001907348632,29.48573545786202,1.4834933813592088e-06,31.79513653462052,4.61880509007264,1.0687137373812805,1.188707665929884,18.87076659298841,False,-5.584074609639594,32.84763020462326,24.43986764303988,-0.21698221417113187,33.897751519449706,23.95390918015866
199,140,141,1.4834933813592088e-06,31.79513653462052,4.000001483493382,29.48573545786202,4.618802153517006,1.068955350645958,1.186295085461718,18.629508546171802,False,-0.21698221417113187,33.897751519449706,23.95390918015866,5.085110102313337,32.73351241771573,24.698677388173756
200,140,154,1.4834933813592088e-06,31.79513653462052,-1.9073486319243216e-06,36.413927596533895,4.618791061914618,1.5906765977797845,1.0765654905981221,7.656549059812212,True,-0.21698221417113187,33.897751519449706,23.95390918015866,-0.01566804260517153,36.79165895692808,19.915364510455895
201,141,142,4.000001483493382,29.48573545786202,7.999998092651367,31.79513653462052,4.618799216961991,1.211881990244791,1.2220646194521163,22.20646194521163,False,5.085110102313337,32.73351241771573,24.698677388173756,9.509396150016963,34.06517253959259,21.45638986696311
202,142,143,7.999998092651367,31.79513653462052,11.999998092651367,29.48573545786202,4.618802153517005,1.0048670547379202,1.1943925678342822,19.439256783428217,False,9.509396150016963,34.06517253959259,21.45638986696311,14.61366034458466,32.666795397063865,19.899277583687926
203,142,156,7.999998092651367,31.79513653462052,7.999998092651368,36.413927596533895,4.618791061913374,1.679040324686972,1.108304813564558,10.83048135645579,True,9.509396150016963,34.06517253959259,21.45638986696311,8.447689711129918,36.95261517530143,17.36494685955272
204,143,144,11.999998092651367,29.48573545786202,15.999998092651367,31.79513653462052,4.618802153517005,1.5451642068763145,1.3156337049375417,31.56337049375417,False,14.61366034458466,32.666795397063865,19.899277583687926,17.4529157726023,33.86258613328946,14.661490827648695
205,144,145,15.999998092651367,31.79513653462052,19.999998092651367,29.48573545786202,4.618802153517005,1.0410594710676462,1.222833174009938,22.28331740099381,False,17.4529157726023,33.86258613328946,14.661490827648695,21.92849435696478,30.969447466821848,12.790895811016483
206,144,158,15.999998092651367,31.79513653462052,15.999998092651367,36.413927596533895,4.618791061913374,2.3217413256392483,1.2808210103835027,28.08210103835027,True,17.4529157726023,33.86258613328946,14.661490827648695,16.123964722218254,36.42744040967164,9.498872365263242
207,145,146,19.999998092651367,29.48573545786202,23.999998092651367,31.79513653462052,4.618802153517005,3.1690871284472886,1.2927060195912679,29.270601959126786,True,21.92849435696478,30.969447466821848,12.790895811016483,23.382472372976288,31.303841915162163,7.009544427956661
208,146,147,23.999998092651367,31.79513653462052,27.999998092651367,29.48573545786202,4.618802153517005,1.0225946775402324,1.1314666400447952,13.146664004479526,True,23.382472372976288,31.303841915162163,7.009544427956661,27.34909218672228,29.36745117428078,4.211757985208743
209,146,160,23.999998092651367,31.79513653462052,23.999998092651367,36.413927596533895,4.618791061913374,1.0339424415977763,1.2524904773746461,25.249047737464615,True,23.382472372976288,31.303841915162163,7.009544427956661,23.668321445848193,35.97289045567051,3.6059571417445317
210,148,149,-20.000001907348633,38.7233286732924,-16.000001907348633,36.413927596533895,4.618802153517007,1.8299706191450549,1.381663588257615,38.16635882576149,True,-19.567069641853788,38.07394985961972,3.9078930925082234,-16.1984331429492,36.43119040352425,9.073049491381104
211,148,150,-20.000001907348633,38.7233286732924,-24.000001907348633,36.413927596533895,4.618802153517007,1.0,1.0548078506976175,5.480785069761751,True,-19.567069641853788,38.07394985961972,3.9078930925082234,-23.945462958116725,36.139709196963985,3.0
212,149,151,-16.000001907348633,36.413927596533895,-12.000001907348633,38.7233286732924,4.618802153517007,1.0564651116288197,1.2211757606509672,22.11757606509672,True,-16.1984331429492,36.43119040352425,9.073049491381104,-11.79739921365166,37.86488053472851,12.29627738384502
213,151,152,-12.000001907348633,38.7233286732924,-8.000001907348633,36.413927596533895,4.618802153517007,2.403818388375471,1.278681274402477,27.86812744024769,True,-11.79739921365166,37.86488053472851,12.29627738384502,-8.524930804355844,37.03916322983637,17.14289392270215
214,152,153,-8.000001907348633,36.413927596533895,-4.000001907348633,38.7233286732924,4.618802153517007,1.1920589304567553,1.0465630692643288,4.656306926432885,True,-8.524930804355844,37.03916322983637,17.14289392270215,-3.8521415259278786,38.21806460655832,16.76671656258883
215,153,154,-4.000001907348633,38.7233286732924,-1.9073486319243216e-06,36.413927596533895,4.618802153517008,1.46264627140028,1.118044032111915,11.804403211191495,True,-3.8521415259278786,38.21806460655832,16.76671656258883,-0.01566804260517153,36.79165895692808,19.915364510455895
216,154,155,-1.9073486319243216e-06,36.413927596533895,3.9999980926513676,38.7233286732924,4.618802153517007,1.4601716483725558,1.1163595943294213,11.635959432942133,True,-0.01566804260517153,36.79165895692808,19.915364510455895,3.836541249344096,38.21571265411889,16.797768025870525
217,155,156,3.9999980926513676,38.7233286732924,7.999998092651368,36.413927596533895,4.618802153517007,1.1901816590805947,1.0423785272530377,4.23785272530377,True,3.836541249344096,38.21571265411889,16.797768025870525,8.447689711129918,36.95261517530143,17.36494685955272
218,156,157,7.999998092651368,36.413927596533895,11.999998092651367,38.7233286732924,4.618802153517007,2.6474015078408826,1.2640789435824153,26.407894358241535,True,8.447689711129918,36.95261517530143,17.36494685955272,11.707585129547596,37.789565126601026,12.594094148945073
219,157,158,11.999998092651367,38.7233286732924,15.999998092651367,36.413927596533895,4.618802153517007,1.1795341158831267,1.2042929138062912,20.429291380629124,True,11.707585129547596,37.789565126601026,12.594094148945073,16.123964722218254,36.42744040967164,9.498872365263242
220,158,159,15.999998092651367,36.413927596533895,19.999998092651367,38.7233286732924,4.618802153517007,1.8462371967409845,1.4244088281690301,42.44088281690301,True,16.123964722218254,36.42744040967164,9.498872365263242,19.127726721982416,38.13162586965584,3.8991196943776965
221,159,160,19.999998092651367,38.7233286732924,23.999998092651367,36.413927596533895,4.618802153517007,1.00385497317811,1.0903644025964987,9.036440259649869,True,19.127726721982416,38.13162586965584,3.8991196943776965,23.668321445848193,35.97289045567051,3.6059571417445317
222,161,162,-8.00918120425204,45.646042380554825,-4.009181204252038,43.33664130379632,4.618802153517008,1.0,1.0115860354278918,1.1586035427891828,True,-8.02681530818929,45.60467949187639,3.0,-4.088943456454337,43.08998272482907,2.9999999999999996
223,161,166,-8.00918120425204,45.646042380554825,-12.009181204252041,43.33664130379632,4.6188021535170085,1.0,1.0215502155587617,2.1550215558761687,True,-8.02681530818929,45.60467949187639,3.0,-11.94610362291054,42.977533558587425,3.0
224,162,163,-4.009181204252038,43.33664130379632,-4.009181204252038,38.71783915027931,4.618802153517009,2.9083074986432447,1.2579129585224758,25.791295852247575,True,-4.088943456454337,43.08998272482907,2.9999999999999996,-4.555281615676024,40.614659741629765,8.235646896302892
225,163,164,-4.009181204252038,38.71783915027931,-8.00918120425204,36.408438073520806,4.618802153517008,1.1915162369714978,1.2209397992054003,22.09397992054003,True,-4.555281615676024,40.614659741629765,8.235646896302892,-8.711480331064822,39.09986246506149,11.733199369936605
226,164,165,-8.00918120425204,36.408438073520806,-12.009181204252041,38.71783915027931,4.6188021535170085,2.4241371799735925,1.2047097604049488,20.470976040494882,True,-8.711480331064822,39.09986246506149,11.733199369936605,-11.755166445449994,38.98722115918993,7.076494556584565
227,165,166,-12.009181204252041,38.71783915027931,-12.009181204252041,43.33664130379632,4.618802153517009,1.5395523840197463,1.2357346863376752,23.573468633767526,True,-11.755166445449994,38.98722115918993,7.076494556584565,-11.94610362291054,42.977533558587425,3.0
228,167,168,8.009177389554772,45.646042380554825,12.009177389554772,43.33664130379632,4.618802153517007,1.0,1.0314955290333656,3.149552903336561,True,7.912639759385175,45.52834796105573,3.0,11.915278807341386,42.944322958213505,3.0
229,167,172,8.009177389554772,45.646042380554825,4.009177389554771,43.33664130379632,4.618802153517008,1.0192126618931836,1.0764699501474155,7.646995014741553,True,7.912639759385175,45.52834796105573,3.0,3.5364084318592233,43.18664426038331,3.292957828146515
230,168,169,12.009177389554772,43.33664130379632,12.009177389554772,38.71783915027931,4.618802153517009,1.3653349228501688,1.2695509130599896,26.955091305998955,True,11.915278807341386,42.944322958213505,3.0,11.648327477734894,38.87294606860405,7.211511643326312
231,169,170,12.009177389554772,38.71783915027931,8.009177389554772,36.408438073520806,4.618802153517007,2.645576581296461,1.242643265791836,24.264326579183603,True,11.648327477734894,38.87294606860405,7.211511643326312,8.617582745997597,39.02717745047257,12.083156932165933
232,170,171,8.009177389554772,36.408438073520806,4.009177389554771,38.71783915027931,4.618802153517008,1.189780714363368,1.2283978782285292,22.83978782285292,True,8.617582745997597,39.02717745047257,12.083156932165933,4.539811991054416,40.59045684284151,8.461124544233215
233,171,172,4.009177389554771,38.71783915027931,4.009177389554771,43.33664130379632,4.618802153517009,2.727226923638548,1.2708932946247815,27.08932946247815,True,4.539811991054416,40.59045684284151,8.461124544233215,3.5364084318592233,43.18664426038331,3.292957828146515
