id,parent,width,demand,delta,xy_feed
0,0,1.1346973195939085,19.10433276524128,0.06908105833458222,1.1682876954235213
1,1,1.1365403588203151,10.477012530997243,0.06149180815215871,1.7263599599806394
2,2,1.1460014376837453,16.111325274734178,-0.08674913040218613,2.207268816369421
3,3,1.0987416920214828,0.45475781922983405,-0.17129056786393537,3.9242462012887547
4,4,1.1080376648358825,19.763446344448134,0.8899390431549321,1.6518143585185687
5,5,1.098733026098921,1.0251010406346017,-0.040649095993106066,8.194759387716514
6,6,1.0986659898620348,-0.2541609195217731,0.0,9.320616512576324
7,7,1.0986003927258317,-0.43327480950778874,0.0,5.608175590705683
8,8,1.1099490879754148,10.283716861892977,0.24297055107691534,2.039858985092123
9,9,1.1388516211372328,10.549634329967429,0.11804082828403928,1.716765062290026
10,10,1.1360953440397126,19.161262408579315,-0.06178888587820097,1.162420592932909
11,11,1.1479243003704485,16.143040107799767,-0.29728070021040054,2.1996755679056044
12,12,1.0994924823074719,-0.4136778242730621,0.0,5.598969142853348
13,13,1.1113683029724502,10.376465633498388,0.06158819126846815,2.0226813390328653
14,14,1.0995604939065253,-0.24982207590441563,0.0,9.338981723533418
15,15,1.099629900579519,1.0671866300977273,0.5995748998887107,8.200510955971698
16,16,1.0996385217170945,0.4820557544056303,0.23303912716634567,3.9061539059345103
17,17,1.1085356657744876,19.900302892513455,0.6227023438853045,1.6478562869052098
18,18,1.1632551311520043,18.559593710921995,-0.03521906641310579,2.587649350205575
19,19,1.1662174080154435,28.820148156090262,0.188349307921861,1.6379329231945383
20,20,1.1737101281692333,17.538502108457777,-0.1979915641529857,3.338010693726468
21,21,1.1518422319764756,6.493100696164222,0.0011179006620620768,2.1769615444289983
22,22,1.1593257504770105,22.275824205994454,0.20006301273684812,3.128175710532698
23,23,1.1138784678592448,13.492866163306516,0.48953784713800985,3.013882973422159
24,24,1.113880063797609,15.966975349388402,0.559156322273104,2.279279529912068
25,25,1.113889734630792,20.187120989417508,0.6515734856534792,0.49264167390787017
26,26,1.1243354844248297,23.64695000585737,0.8873114565933093,0.6885812633453876
27,27,1.1576178622279576,21.125888783148007,-0.07333916512170902,3.4719820075846055
28,28,1.16903996866421,17.586913921096038,-0.23906564715938572,4.256273030758243
29,29,1.1557041732688984,20.909589051513166,0.003688661634225099,3.624826145365594
30,30,1.155527012605593,23.219434238583304,-0.23938608548878904,3.960811819247411
31,31,1.167154922015233,23.037549278777792,-0.42670924212064776,4.361624667641674
32,32,1.1445738840226976,24.89379158944114,-0.02232233388144067,3.026781153346285
33,33,1.1560250117439812,23.311163383723965,-0.23245902557198406,3.9587481205837083
34,34,1.1572638219979452,21.0415932326695,-0.25275637164319065,3.6170782291153283
35,35,1.1682109624124715,23.103509790464337,-0.5200296521640695,4.354598301367722
36,36,1.160093118888851,21.184606854163633,-0.2072464496134998,3.4592687429599316
37,37,1.162694749479074,22.40128752925008,-0.05950207579386202,3.111489148201848
38,38,1.1720457907251198,17.652209131643094,-0.39104160854741465,4.240266209872251
39,39,1.1554000045010788,6.534888347529355,-0.10735568931234951,2.1578122498903607
40,40,1.1673434769584479,18.634064515310843,-0.25399691359462295,2.5730165136435996
41,41,1.1160170296596512,13.61457684787224,0.2197135300312958,3.000668299762446
42,42,1.1709895547662694,28.935237044934503,-0.07928794463121136,1.6297734026609372
43,43,1.178293491622437,17.614707907285077,-0.31737088202104147,3.3278993803332546
44,44,1.116028293863419,20.213426889327145,0.7191535980462191,0.48767529317390645
45,45,1.1269690693752543,23.780796315715904,0.6872042593760739,0.6902232597756397
46,46,1.116015015299055,16.104943152805085,0.22223625478146047,2.273774454028654
47,47,1.1835214952638136,21.61491235083728,-0.14138893693800014,3.7767462683879343
48,48,1.18568192748407,33.172815580162165,0.18130365296043038,2.214050512355614
49,49,1.192553384980151,21.997370702600637,-0.25085478663608995,3.8493421735844056
50,50,1.180559218400378,30.923973757448884,0.08343958722847233,4.6521931391507
51,51,1.1243401314019899,25.123707609770808,1.1267745260475266,0.8259632778449973
52,52,1.133349594575452,24.27002837083565,0.9535958475744408,1.24498868642853
53,53,1.1795108492018085,25.132455114429387,-0.2792003991309855,5.029929115855353
54,54,1.189344587414137,22.37100615541752,-0.46820828152629446,5.420670509235512
55,55,1.1778029609527545,28.948037714389095,-0.09764274530201789,4.914455311512489
56,56,1.1778348677505694,28.172051443378887,-0.4059815015911674,4.866962810614931
57,57,1.1883281262338548,24.75444390284793,-0.6704075541891257,5.009405465705177
58,58,1.1776577070872647,28.76508516732603,-0.28032719944277673,4.692244787352532
59,59,1.1782198455094692,28.940125303064512,-0.44654467074705195,4.6872821197422825
60,60,1.1889126251397215,26.319606387696926,-0.8094684464037485,4.499221473539406
61,61,1.179458674779341,28.25062985454332,-0.3956110108820994,4.8532578677886224
62,62,1.180483416602084,29.113949891003067,-0.35106630232490943,4.896735262448548
63,63,1.190520360454707,24.83744609361431,-0.7561902373723015,4.985926367129207
64,64,1.183085047193209,25.241151258360773,-0.4146862289219122,5.0125657325195645
65,65,1.1850075401650126,31.105367267046557,-0.24059532462359456,4.638671537538817
66,66,1.1934675342076684,22.493042342212476,-0.6042112890584548,5.399831144653989
67,67,1.1886536179728373,21.734607146143723,-0.3927612254159172,3.7693319248317243
68,68,1.1914928948854933,33.36018292570835,-0.36005891691554837,2.2154993578435573
69,69,1.1982292983746632,22.144138853487448,-0.5162505800248702,3.8420095371611387
70,70,1.1269737131902673,25.28919086921615,0.9082480734149421,0.83451667045979
71,71,1.1365269770264492,24.511047277443954,0.43509688802987156,1.251205937550251
72,72,1.1998095272460283,17.54606478098024,-0.6165125312754824,3.4581471300685482
73,73,1.133349594574706,23.582614455191365,0.7594857840293585,2.9367495763946145
74,74,1.1384677142009174,24.097091327630714,0.5313041364449766,2.8118054192538247
75,75,1.1976490950257719,28.844068708745716,-0.3694149105360829,4.79953353776747
76,76,1.1333608379672526,25.696019623735666,0.734513584770145,2.358882793983388
77,77,1.1963761075406365,26.30436515112129,-0.5959234869084256,5.495415002655809
78,78,1.2036545811170534,23.53975302947986,-0.6460299116527217,5.463560975668414
79,79,1.1953277383420677,32.159758567020155,-0.38251159434796733,5.544256986657057
80,80,1.1953915981006105,31.450029780559554,-0.6531112451536316,5.248465747469584
81,81,1.2024454548422643,26.17938678247109,-0.8109117835813251,5.383035991800984
82,82,1.1954235048984247,33.53016425502173,-0.48812731512450824,4.67123950671518
83,83,1.1960485076463667,33.59725526590343,-0.7036383229750385,4.33577353781181
84,84,1.203134316521628,27.817609289940613,-1.0325661013290919,3.951981922702708
85,85,1.1966106460690584,33.62831251686813,-0.5928511060181663,4.325230511413142
86,86,1.1971731075978345,33.7504810666077,-0.6981141162436515,4.645959656956603
87,87,1.204316152438499,27.886715551602425,-1.1182995362167176,3.9197829667672432
88,88,1.1981978494215058,31.561870560052373,-0.6239698749578331,5.215932458762257
89,89,1.1991994295363078,32.4258436158783,-0.6314296075435877,5.514006766216021
90,90,1.2058745652684095,26.328117923712657,-1.025721646548238,5.335999331332166
91,91,1.2011219225081227,26.496904445229873,-0.654272006843204,5.472710432277647
92,92,1.2029697046867582,29.077561733382694,-0.6102929283704057,4.7842284374918895
93,93,1.2087239241415553,23.69701775240609,-0.8489875434636751,5.437377458779286
94,94,1.2058089815994126,17.689807861416917,-0.8692159282127179,3.450280023048213
95,95,1.1365269770257018,23.775925997888535,0.44230752818279484,2.9358648387115824
96,96,1.1412897827148427,24.279317735836315,0.1691526824114895,2.8038500494657406
97,97,1.1365382166031601,25.899526997505617,0.4227499645939723,2.363300932531202
98,98,1.205895973345899,29.064881654652332,-0.6298171905452428,5.018050626742238
99,99,1.2077450887607613,22.375765010774607,-0.5434503275694809,3.7076814780265703
100,100,1.2087225909069375,20.892316738109052,-0.6280079341750557,4.650736688607116
101,101,1.2046229858607682,30.67409584518488,-0.566694301134028,5.535081815213987
102,102,1.1412851560891737,25.578708060846168,0.4824594592732119,1.6691564927965024
103,103,1.20335243849847,33.33892597360886,-0.6791737424043163,5.405714847345309
104,104,1.205602931875557,24.779575664261966,-0.8692462613862908,5.494275902196971
105,105,1.20341629825701,34.33730969733413,-0.6255074384812644,4.7360796447977
106,106,1.2035129846011157,35.79001216312116,-0.7381114342853508,3.8822518164538287
107,107,1.204429072266823,27.233193138007227,-1.0278972066243277,3.974937470417624
108,108,1.2041379873490565,36.05623416838344,-0.6682653814733328,3.170904698411709
109,109,1.2047809314538802,36.253539886691776,-0.8501831721262434,3.1492487688749122
110,110,1.2051591751982154,27.97587457559323,-1.1766126580512655,2.2164230003179126
111,111,1.2053433999680268,35.84213477218192,-0.7379324866044072,3.8252011151852368
112,112,1.2064819580813373,34.71693007224024,-0.8904612530128375,4.671444677944506
113,113,1.2069615352420822,27.353852507094835,-1.1688352440617251,3.8804063835140137
114,114,1.2074835381970732,33.58253222458334,-0.7842763485637292,5.350711095211519
115,115,1.2087193784845127,31.07362089587342,-0.9056946269435642,5.493385556597013
116,116,1.2093358652979962,24.98851514587399,-1.0749113973049127,5.429883681213402
117,117,1.210567160663155,29.379271603482238,-0.8640503029184963,4.992183791559331
118,118,1.210567160663155,22.645076835040022,-0.9914108054127624,3.6926047966894617
119,119,1.210571704101568,21.0108379645896,-0.9711878232591786,4.628880412824319
120,120,1.1412851560891737,25.885857088268782,0.1413618609754863,1.6709986303933515
121,121,1.2056196680144458,38.7197480247961,-0.4359843940604975,3.944192078526591
122,122,1.14128515608944,46.56043495233395,2.1481943640541346,1.9100834877997104
123,123,1.136342296006596,17.622486624103708,0.348635705938797,2.288880106402414
124,124,1.2037705525995823,33.959543499183845,-0.5874183377662305,4.952377543768634
125,125,1.1412897827148463,26.353936802347654,0.9402434017926851,0.5781031126501677
126,126,1.199860062456163,34.720190430666676,-0.5801855442720836,5.278885568886741
127,127,1.1967662452369794,21.052236951413693,-0.7116507256472957,4.544909745532801
128,128,1.1985895150938666,32.87715496614003,-0.5752592169304478,4.9555374752892885
129,129,1.1966651652805707,35.34314345675775,-0.6348199921103514,4.105834246057551
130,130,1.190931412286167,24.646689760292873,-0.7321990956911328,4.196766740656486
131,131,1.1967618516246752,34.095484995771756,-0.6125575181218323,2.962326584235871
132,132,1.1966738752406376,35.44845784646422,-0.68287543329253,1.9151592321782784
133,133,1.1889190885050351,25.319143985554483,-0.821179954015026,1.9780228677331684
134,134,1.1973168193386845,35.35802841433464,-0.625885453545294,1.853896395539165
135,135,1.1988133294059558,34.4901428035477,-0.7840218664310257,2.841927432424942
136,136,1.1903219865708312,25.420923763463964,-0.9246579621365214,1.8320853254491754
137,137,1.199951887520203,35.401513095857325,-0.6614967313501694,3.9892661276854207
138,138,1.203122240594245,33.59717681685965,-0.8325669263815882,4.859477008117796
139,139,1.194983210180796,24.946238503528882,-0.9359011181974601,4.080153840141432
140,140,1.2043580808816843,35.22454292920436,-0.7593364250304546,5.213840020193134
141,141,1.2092900662745214,34.61349261229019,-0.9665790981943516,4.914038516841734
142,142,1.2030855389201243,21.281814215322157,-0.8721462775647346,4.48894117516366
143,143,1.2092900662745205,39.22529696324142,-1.053474656532984,3.926096306271709
144,144,1.14128515608944,46.86217157520707,0.8522731146312807,1.9030269338176347
145,145,1.140012689859617,17.86096009557201,0.10562231990676452,2.2711927388041038
146,146,1.1412897827148463,26.2216068463184,-0.42720823234023797,0.584204874074135
147,147,1.1857026568101146,22.746099108856278,-0.5904491200579685,3.0539069678018005
148,148,1.1363244489470632,20.36075150773533,0.28291701442384465,1.8060627939134557
149,149,1.1213860099026967,18.941389118549456,0.5572564314366453,1.4170057993975542
150,150,1.1817921666666937,23.85463158171661,-0.4008041483850384,3.7504968219443398
151,151,1.1767968431545472,29.058722561756987,-0.386166426012192,3.7257019106654754
152,152,1.1657688409630111,22.73932862212209,-0.11695973570473583,3.123528066239863
153,153,1.1748724933412504,26.60782438575968,-0.3380517382770343,3.251537479213442
154,154,1.1725072858563788,30.48033990407124,-0.4695901276337686,2.1763012681118052
155,155,1.1584083188037928,21.730732560451727,-0.20687504680467583,2.4790005389080063
156,156,1.172419309472342,28.91211569714869,-0.36830487960850533,1.1551413904491503
157,157,1.173181913610845,29.20490504435389,-0.5199721715904992,1.0704666848042708
158,158,1.1567961346893152,19.999383590073005,-0.3635000722411732,0.4940371210584318
159,159,1.1746784030257675,30.626853662677036,-0.5274105460472356,2.012137979211704
160,160,1.1784617678957645,27.299932935842808,-0.5718546007840182,3.1128677986434816
161,161,1.1613629493644342,22.054085140139268,-0.29167463011317096,2.31442472260548
162,162,1.181632120970742,29.54589370205842,-0.5495291408124778,3.6206491975620265
163,163,1.1877813840868348,24.46959782074909,-0.6698993364645958,3.6750735205089162
164,164,1.1712955235421276,23.030268488245408,-0.4101430940236739,3.0357196138435336
165,165,1.1927133694796705,23.06599091337198,-0.7542141340216588,3.0125723647054548
166,166,1.1399948472071364,20.78197648022979,0.0029828625364594075,1.7827661389159242
167,167,1.124726320301459,18.95925972491057,0.2956186307550439,1.392378523012658
168,168,1.1487090418039174,24.339811755452256,0.2354173512335791,1.6381810395993708
169,169,1.121381359378782,13.07257574858356,0.13967965023809015,0.6282486268996015
170,170,1.0993355109408753,22.855052126620823,1.2523184348664635,0.9010222568893441
171,171,1.1437137182917676,16.81766442931252,0.012119560980128341,2.2912187834049296
172,172,1.1382254098921845,25.487594273326188,0.007526846177910329,2.120855687525107
173,173,1.1211748587438617,19.879282910043415,0.23806199396916128,1.8414012210318662
174,174,1.1358602024073143,19.33891371357983,-0.04052662333715418,1.7963518220609043
175,175,1.134320436460448,22.038703034316363,-0.12286454980259265,0.8325482818739843
176,176,1.1141467928360345,13.94178760411422,0.15336904158225195,1.5411459793203064
177,177,1.1350830406067078,22.10412091433762,-0.058359766462537266,0.7445034482569257
178,178,1.1381703530718899,19.909977416332026,-0.2910129332727145,1.623219755396541
179,179,1.1156887242300004,14.110763045962639,0.18540403014943863,1.3973023095234876
180,180,1.1419537179427746,25.98157275537034,-0.08754758701588017,1.9706754380954727
181,181,1.1487473087252154,17.548407716736047,-0.38537773257849395,2.1841889304149813
182,182,1.1255640023458806,20.033516149581622,0.2728315936778607,1.7216427545119795
183,183,1.1548965718413073,24.830358113460548,-0.3609152687521515,1.5727020041544377
184,184,1.1247216737882615,13.470004688690395,-0.06149199551570561,0.591862069127024
185,185,1.102182723150129,23.20595005399735,0.7455285847695272,0.8728455428509214
186,186,1.1015360263547511,24.02219574682305,0.6121716753617648,1.2862273570557512
187,187,1.0993308339408605,9.746312270949842,0.3215751471160164,0.998886136718788
188,188,1.0742130510942385,22.290536929723558,1.036088611715492,1.1497787681501075
189,189,1.0960477179551695,10.773859943070118,0.10797148610739349,1.886758582865823
190,190,1.0938425255412794,15.014725887824243,0.14585037141425694,1.9110072066184656
191,191,1.0742130510942367,9.142121783373568,0.39231168291870944,2.258034968441043
192,192,1.0923027595944157,12.058776061805542,0.15807870734698604,1.9493155899307206
193,193,1.0922971829729609,12.367123146605019,0.008001544175684216,1.8935167537509605
194,194,1.0719926025390625,8.755347953527748,0.4463979644960805,2.3228361443703545
195,195,1.095384458785443,15.473100670628593,0.07636490402804874,1.8111746005256626
196,196,1.0997509937769827,11.634030525979178,-0.27700111695176943,1.7880593628152226
197,197,1.0763743910779218,9.262159189967022,0.41799601403389275,2.1713915162991557
198,198,1.106544584560312,24.499873923143323,0.2624568722599854,1.2330239605101556
199,199,1.1021780495687692,10.648030559224942,-0.3022360115584313,0.9957136751096411
200,200,1.0763743910767634,22.2617007813652,1.163184368134381,1.1555096555245887
201,201,1.0742030005708498,11.044875570529733,0.20411985495467633,2.753421433124294
202,202,1.0742083439296157,11.697195540809435,0.29921846493028426,2.2456964586434305
203,203,1.0720078613281245,3.169244137855265,0.058943832892954795,3.540948167856617
204,204,1.072003151515726,8.242637644591833,0.1206588959705055,2.5348860499544217
205,205,1.0720031515157258,7.663571460113405,0.021571940938724943,2.5613788425714783
206,206,1.072007861328125,7.016942312403041,0.33286004375523426,2.6635528678592566
207,207,1.0719975748874302,7.752280848499282,0.08361086882391344,2.5586071970577198
208,208,1.072003151515726,8.887759588488997,-0.10236343495442313,2.489504722211819
209,209,1.0720078613292805,6.920408837270675,0.37842176073881184,2.7050225370757577
210,210,1.0763643431561356,11.853608592333309,-0.04161066781107614,2.701907148276709
211,211,1.0763696865072687,13.115378616182682,-0.2416070229137368,2.2410606898072087
212,212,1.0720078613281245,3.2320525292455438,0.09510748292858029,3.589480469879649
213,213,1.0719899370220551,1.866600423324427,0.05155551224218513,2.7308088467617564
214,214,1.0719923933311504,3.1113132659730924,0.04642520493476354,3.3896687635892446
215,215,1.0720078613281245,4.437130256915567,0.19529763049457305,2.9381608921975566
216,216,1.0719899370220562,5.284835924529396,0.19604120527283442,2.03619985905282
217,217,1.071984360386054,5.163508264312733,0.2426025456444325,2.0804411737830795
218,218,1.0719926025390625,9.75754456894402,0.4607379644176568,1.155387181250284
219,219,1.0719899370220556,1.7379978237668015,0.12827185431698584,2.8467397982785574
220,220,1.0719923933311541,3.1069259615924993,0.08576397255202206,3.5187953050175587
221,221,1.07200786132928,4.295298600299824,0.24695547441277999,3.083699129347096
222,222,1.0720031515157302,5.598530229732979,0.4097228972895328,0.6745341948023751
223,223,1.0719920112057548,4.257646523317415,0.19239912629622768,1.7626989180407109
224,224,1.0719975748874357,6.095054837455094,0.19783912850972474,0.6978776630285949
225,225,1.071992011215397,4.182534444173935,0.20497890380457573,1.8598909866299291
226,226,1.10909791636681,28.851189349294472,1.106164730566153,0.6299207399696162
227,227,1.1100031991589,28.9568515389804,1.0972818996911151,0.6255861200867734
228,228,1.6825941939071507,4.047378906185695,0.11713205999273058,0.29889226664366975
229,229,1.682566817774377,4.012174149421477,0.23957310290780853,0.2963465009024356
230,230,1.0726556391207382,-4.3212977831951545,0.0,0.47171730611881224
231,231,1.0726558969738595,-4.345538318081421,0.0,0.47702005097910616
232,232,1.0912558950299565,3.703766378223894,0.19238670489194476,0.8730073333392944
233,233,1.0912543082347768,3.8175888287113047,-0.22603762836266306,0.8775427563345813
234,234,1.1098267126403676,68.8722989903797,6.98855294572374,0.5525172310299763
235,235,1.1098267126403727,69.03486860955827,4.700445856415314,0.5532153975567848
236,236,1.0729833294715274,13.61277269607939,0.797726621801953,1.371367328226642
237,237,1.0729836593250335,13.815646070488397,0.6935670043661144,1.3579224131954857
238,238,1.1066820083851172,17.15503695689833,1.2834311385911956,0.9135503801875117
239,239,1.1066820083851172,17.262336814103605,1.0058842250712168,0.9059677825152046
240,240,1.0734712213142434,25.251218929425214,2.635250165840322,1.4255173351488333
241,241,1.0734712213142434,25.703983696999,1.1285940208071814,1.4224645475988718
242,242,1.087019639777934,29.06755218425834,0.35886656471728884,1.6794254461476137
243,243,1.087010643553098,31.120725423716177,0.9672037390634252,1.6831072184582498
244,244,1.072007861328125,9.186974049677833,0.616699010583055,0.29896662697721765
245,245,1.072007861328125,9.663759572193364,0.38061737718049216,0.3299114178056018
