edge,parent,node_i,node_j,rest_length,ligament_width,thickness,axial_stiffness_proxy,bending_stiffness_proxy,compliance_factor,boundary_factor,demand_pct,kind
0,0,0,1,4.618802153517008,1.0719965442688935,1.0,0.9999938365415953,0.9999815097387501,1.0,1.0,19.0352517069067,lattice
1,1,0,5,4.6188021535170085,1.0719959381371624,1.0,0.9999932711218665,0.9999798135014327,1.0,1.0,10.415520722845084,lattice
2,2,0,19,4.613314627542894,1.0720099831994798,1.0,1.0011958778485694,1.0035919256274477,1.0,1.0,16.198074405136364,lattice
3,3,1,2,4.618802153517009,1.072007861328125,1.0,1.0000043934687977,1.0000131804643002,1.0,1.0,0.6260483870937694,lattice
4,4,1,22,4.624012388998761,1.0719987371580708,1.0,0.998869108770235,0.9966111616093122,1.0,1.0,18.873507301293202,lattice
5,5,2,3,4.618802153517008,1.0719940489716073,1.0,0.9999915088457461,0.9999745267535367,1.0,1.0,1.0657501366277078,lattice
6,6,3,4,4.6188021535170085,1.0720014851105844,1.0,0.9999984455221601,0.9999953365737295,1.0,1.0,-0.20273749236759953,lattice
7,7,4,5,4.618802153517009,1.0720078613281245,1.0,1.000004393468797,1.0000131804642989,1.0,1.0,-0.33418239817143425,lattice
8,8,5,14,4.608104716348225,1.0719965450330085,1.0,1.0023152626345975,1.0069618816378232,1.0,1.0,10.040746310816061,lattice
9,9,6,7,4.6188021535170085,1.0719959381371642,1.0,0.9999932711218681,0.9999798135014377,1.0,1.0,10.43159350168339,lattice
10,10,6,11,4.618802153517008,1.071996544268893,1.0,0.9999938365415948,0.9999815097387488,1.0,1.0,19.223051294457516,lattice
11,11,6,24,4.613314641041001,1.0720099863360761,1.0,1.0011958778485697,1.0035919256274486,1.0,1.0,16.440320808010167,lattice
12,12,7,8,4.618802153517009,1.0720078613281245,1.0,1.000004393468797,1.0000131804642989,1.0,1.0,-0.1796086613342851,lattice
13,13,7,27,4.608104716348225,1.0719965450330085,1.0,1.0023152626345975,1.0069618816378232,1.0,1.0,10.31487744222992,lattice
14,14,8,9,4.6188021535170085,1.0720014851105844,1.0,0.9999984455221601,0.9999953365737295,1.0,1.0,-0.1146255160163312,lattice
15,15,9,10,4.618802153517008,1.0719940489716073,1.0,0.9999915088457461,0.9999745267535367,1.0,1.0,0.4676117302090166,lattice
16,16,10,11,4.618802153517009,1.072007861328125,1.0,1.0000043934687977,1.0000131804643002,1.0,1.0,0.24901662723928464,lattice
17,17,11,22,4.624012388998759,1.071993161440841,1.0,0.9988639134173799,0.996595610863971,1.0,1.0,19.27760054862815,lattice
18,18,12,13,4.618802153517005,1.0720031515157282,1.0,1.0000000000000013,1.000000000000004,1.0,1.0,18.5948127773351,lattice
19,19,12,17,4.618802153517005,1.0720031515157282,1.0,1.0000000000000013,1.000000000000004,1.0,1.0,28.6317988481684,lattice
20,20,12,33,4.618806320702436,1.0720078613281245,1.0,1.0000034912435367,1.0000104737671762,1.0,1.0,17.736493672610763,lattice
21,21,13,14,4.618802153517009,1.0720078613281245,1.0,1.000004393468797,1.0000131804642989,1.0,1.0,6.49198279550216,lattice
22,22,13,18,4.618802153517005,1.0719964065633372,1.0,0.9999937080852979,0.9999811243746582,1.0,1.0,22.075761193257605,lattice
23,23,14,15,4.618802153517007,1.071996544268894,1.0,0.9999938365415959,0.9999815097387521,1.0,1.0,13.003328316168506,lattice
24,24,15,16,4.618802153517007,1.0719981402072642,1.0,0.9999953252856989,0.9999859759226558,1.0,1.0,15.407819027115298,lattice
25,25,16,17,4.618802153517009,1.0720078613281245,1.0,1.000004393468797,1.0000131804642989,1.0,1.0,19.53554750376403,lattice
26,26,17,34,4.618804237111129,1.0720031515154769,1.0,0.9999995488886096,0.9999986466664395,1.0,1.0,22.75963854926406,lattice
27,27,18,19,4.618802153517006,1.0720031515157291,1.0,1.0000000000000018,1.0000000000000053,1.0,1.0,21.199227948269716,lattice
28,28,18,37,4.618806320702436,1.0720078613281245,1.0,1.0000034912435367,1.0000104737671762,1.0,1.0,17.825979568255423,lattice
29,29,19,20,4.618802153517005,1.0720031515157264,1.0,0.9999999999999997,0.999999999999999,1.0,1.0,20.90590038987894,lattice
30,30,20,21,4.618802153517005,1.0720031515157291,1.0,1.000000000000002,1.000000000000006,1.0,1.0,23.458820324072093,lattice
31,31,20,39,4.618806320702436,1.072007861328125,1.0,1.0000034912435372,1.0000104737671776,1.0,1.0,23.46425852089844,lattice
32,32,21,22,4.618802153517009,1.0719926025390625,1.0,0.999990159565622,0.9999704789873678,1.0,1.0,24.91611392332258,lattice
33,33,21,23,4.618796280407601,1.0719975748874344,1.0,0.99999606949715,0.999988208537797,1.0,1.0,23.54362240929595,lattice
34,34,23,24,4.618802153517005,1.0720031515157291,1.0,1.000000000000002,1.000000000000006,1.0,1.0,21.29434960431269,lattice
35,35,23,41,4.6188063207074155,1.0720078613292805,1.0,1.000003491243537,1.000010473767177,1.0,1.0,23.623539442628406,lattice
36,36,24,25,4.618808026628898,1.0720031515165624,1.0,0.9999987284363716,0.9999961853139655,1.0,1.0,21.391853303777133,lattice
37,37,25,26,4.618802153517005,1.0719969230823307,1.0,0.9999941899113007,0.9999825698351738,1.0,1.0,22.460789605043942,lattice
38,38,25,43,4.618806320702436,1.0720078613281245,1.0,1.0000034912435367,1.0000104737671762,1.0,1.0,18.04325074019051,lattice
39,39,26,27,4.618802153517009,1.0720078613281245,1.0,1.000004393468797,1.0000131804642989,1.0,1.0,6.642244036841705,lattice
40,40,26,28,4.618802153517005,1.0720031515157282,1.0,1.0000000000000013,1.000000000000004,1.0,1.0,18.888061428905466,lattice
41,41,27,31,4.618802153517007,1.071996544268894,1.0,0.9999938365415959,0.9999815097387521,1.0,1.0,13.394863317840944,lattice
42,42,28,29,4.618802153517005,1.0720031515157282,1.0,1.0000000000000013,1.000000000000004,1.0,1.0,29.014524989565714,lattice
43,43,28,45,4.618806320702436,1.0720078613281245,1.0,1.0000034912435367,1.0000104737671762,1.0,1.0,17.932078789306118,lattice
44,44,29,30,4.618802153517009,1.0720078613281245,1.0,1.000004393468797,1.0000131804642989,1.0,1.0,19.494273291280926,lattice
45,45,29,48,4.618804237111129,1.0720031515154769,1.0,0.9999995488886096,0.9999986466664395,1.0,1.0,23.09359205633983,lattice
46,46,30,31,4.618802153517007,1.0719945299082976,1.0,0.9999919574793996,0.9999758726322447,1.0,1.0,15.882706898023624,lattice
47,47,32,33,4.618802153517005,1.0719965442688921,1.0,0.9999938365415946,0.9999815097387484,1.0,1.0,21.75630128777528,lattice
48,48,32,35,4.618802153517005,1.0719965442688921,1.0,0.9999938365415946,0.9999815097387484,1.0,1.0,32.991511927201735,lattice
49,49,32,50,4.618798691307905,1.0720078613281245,1.0,1.0000051430629116,1.0000154292680885,1.0,1.0,22.248225489236727,lattice
50,50,33,36,4.618802153517005,1.0719965442688921,1.0,0.9999938365415946,0.9999815097387484,1.0,1.0,30.840534170220412,lattice
51,51,34,35,4.618802153517009,1.0720078613281245,1.0,1.000004393468797,1.0000131804642989,1.0,1.0,23.99693308372328,lattice
52,52,35,51,4.618800422413426,1.071996544269601,1.0,0.9999942113350051,0.9999826341055414,1.0,1.0,23.31643252326121,lattice
53,53,36,37,4.618802153517005,1.071995406529346,1.0,0.9999927752205112,0.999978325818126,1.0,1.0,25.411655513560373,lattice
54,54,36,54,4.618798691307905,1.0720078613281245,1.0,1.0000051430629116,1.0000154292680885,1.0,1.0,22.839214436943813,lattice
55,55,37,38,4.618802153517005,1.0719965442688921,1.0,0.9999938365415946,0.9999815097387484,1.0,1.0,29.045680459691113,lattice
56,56,38,39,4.618802153517006,1.0719965442688886,1.0,0.9999938365415911,0.9999815097387378,1.0,1.0,28.578032944970055,lattice
57,57,38,56,4.618798691307905,1.0720078613281245,1.0,1.0000051430629116,1.0000154292680885,1.0,1.0,25.424851457037057,lattice
58,58,39,40,4.618802153517005,1.071996544268892,1.0,0.9999938365415943,0.9999815097387478,1.0,1.0,29.045412366768808,lattice
59,59,40,41,4.618802153517006,1.07199096764016,1.0,0.9999886344778466,0.9999659038210635,1.0,1.0,29.386669973811564,lattice
60,60,40,58,4.618798691307905,1.0719926025390625,1.0,0.999990909149067,0.9999727276951313,1.0,1.0,27.129074834100674,lattice
61,61,41,42,4.618802153517004,1.0719965442688917,1.0,0.9999938365415943,0.9999815097387478,1.0,1.0,28.64624086542542,lattice
62,62,42,43,4.618802153517005,1.0719965442688921,1.0,0.9999938365415946,0.9999815097387484,1.0,1.0,29.465016193327976,lattice
63,63,42,60,4.618798691312884,1.07200786132928,1.0,1.0000051430629118,1.0000154292680887,1.0,1.0,25.593636330986612,lattice
64,64,43,44,4.618802153517005,1.0719891591251847,1.0,0.9999869474352547,0.9999608428168707,1.0,1.0,25.655837487282685,lattice
65,65,44,45,4.618802153517005,1.071996544268889,1.0,0.9999938365415917,0.9999815097387398,1.0,1.0,31.34596259167015,lattice
66,66,44,62,4.618798691307905,1.0720078613281245,1.0,1.0000051430629116,1.0000154292680885,1.0,1.0,23.09725363127093,lattice
67,67,45,46,4.618802153517005,1.0719965442688921,1.0,0.9999938365415946,0.9999815097387484,1.0,1.0,22.12736837155964,lattice
68,68,46,47,4.618802153517005,1.0719965442688921,1.0,0.9999938365415946,0.9999815097387484,1.0,1.0,33.7202418426239,lattice
69,69,46,64,4.618798691307905,1.0720078613281245,1.0,1.0000051430629116,1.0000154292680885,1.0,1.0,22.660389433512318,lattice
70,70,47,48,4.618802153517009,1.0720078613281245,1.0,1.000004393468797,1.0000131804642989,1.0,1.0,24.380942795801207,lattice
71,71,47,67,4.618800422413426,1.071996544269601,1.0,0.9999942113350051,0.9999826341055414,1.0,1.0,24.075950389414082,lattice
72,72,49,50,4.618802153517005,1.0719965442688906,1.0,0.9999938365415932,0.9999815097387441,1.0,1.0,18.162577312255724,lattice
73,73,49,52,4.618802153517005,1.0719965442688921,1.0,0.9999938365415946,0.9999815097387484,1.0,1.0,22.823128671162006,lattice
74,74,49,70,4.618798691307903,1.0720078613281245,1.0,1.000005143062912,1.0000154292680892,1.0,1.0,23.565787191185738,lattice
75,75,50,53,4.618802153517005,1.0719965442688906,1.0,0.9999938365415932,0.9999815097387441,1.0,1.0,29.2134836192818,lattice
76,76,51,52,4.618802153517009,1.072007861328128,1.0,1.0000043934688005,1.0000131804643089,1.0,1.0,24.96150603896552,lattice
77,77,53,54,4.618802153517005,1.0719965442688906,1.0,0.9999938365415932,0.9999815097387441,1.0,1.0,26.900288638029714,lattice
78,78,53,69,4.618798691307903,1.0720078613281245,1.0,1.000005143062912,1.0000154292680892,1.0,1.0,24.185782941132583,lattice
79,79,54,55,4.618802153517005,1.0719968629196537,1.0,0.9999941337895655,0.9999824014719338,1.0,1.0,32.54227016136812,lattice
80,80,55,56,4.618802153517006,1.0719965442688921,1.0,0.9999938365415943,0.9999815097387478,1.0,1.0,32.103141025713185,lattice
81,81,55,72,4.618798691307903,1.0720078613281245,1.0,1.000005143062912,1.0000154292680892,1.0,1.0,26.990298566052417,lattice
82,82,56,57,4.618802153517005,1.071996544268891,1.0,0.9999938365415937,0.9999815097387454,1.0,1.0,34.01829157014624,lattice
83,83,57,58,4.618802153517005,1.071996544268892,1.0,0.9999938365415943,0.9999815097387478,1.0,1.0,34.300893588878466,lattice
84,84,57,74,4.618798691307903,1.072007861328125,1.0,1.0000051430629124,1.0000154292680905,1.0,1.0,28.850175391269705,lattice
85,85,58,59,4.618796280407601,1.0719909676405943,1.0,0.9999899060309025,0.9999697183983715,1.0,1.0,34.221163622886294,lattice
86,86,59,60,4.618802153517005,1.0719965442688921,1.0,0.9999938365415946,0.9999815097387484,1.0,1.0,34.44859518285135,lattice
87,87,59,76,4.618798691312882,1.0720078613292805,1.0,1.0000051430629124,1.0000154292680907,1.0,1.0,29.005015087819142,lattice
88,88,60,61,4.618808026628898,1.0719965442697268,1.0,0.9999925649858027,0.9999776951232462,1.0,1.0,32.185840435010206,lattice
89,89,61,62,4.618802153517005,1.0719968629196546,1.0,0.9999941337895663,0.9999824014719362,1.0,1.0,33.05727322342189,lattice
90,90,61,78,4.618798691307903,1.0720078613281245,1.0,1.000005143062912,1.0000154292680892,1.0,1.0,27.353839570260895,lattice
91,91,62,63,4.618802153517005,1.0719965442688906,1.0,0.9999938365415932,0.9999815097387441,1.0,1.0,27.151176452073077,lattice
92,92,63,64,4.618802153517005,1.0719965442688906,1.0,0.9999938365415932,0.9999815097387441,1.0,1.0,29.6878546617531,lattice
93,93,63,80,4.618798691307903,1.0720078613281245,1.0,1.000005143062912,1.0000154292680892,1.0,1.0,24.546005295869765,lattice
94,94,64,65,4.618802153517005,1.0719965442688906,1.0,0.9999938365415932,0.9999815097387441,1.0,1.0,18.559023789629634,lattice
95,95,65,66,4.618802153517005,1.0719965442688921,1.0,0.9999938365415946,0.9999815097387484,1.0,1.0,23.33361846970574,lattice
96,96,65,82,4.618798691307903,1.0720078613281245,1.0,1.000005143062912,1.0000154292680892,1.0,1.0,24.110165053424826,lattice
97,97,66,67,4.618802153517009,1.072007861328128,1.0,1.0000043934688005,1.0000131804643089,1.0,1.0,25.476777032911645,lattice
98,98,68,69,4.618802153517006,1.0720031515157282,1.0,1.000000000000001,1.0000000000000033,1.0,1.0,29.694698845197575,lattice
99,99,68,70,4.618802153517006,1.0720031515157282,1.0,1.000000000000001,1.0000000000000033,1.0,1.0,22.919215338344088,lattice
100,100,68,84,4.618806320702435,1.0720078613281245,1.0,1.000003491243537,1.0000104737671776,1.0,1.0,21.520324672284108,lattice
101,101,69,71,4.618802153517006,1.0720031515157282,1.0,1.000000000000001,1.0000000000000033,1.0,1.0,31.240790146318908,lattice
102,102,70,85,4.61880423711113,1.0720031515154769,1.0,0.9999995488886094,0.9999986466664391,1.0,1.0,25.096248601572956,lattice
103,103,71,72,4.618802153517006,1.071991652612879,1.0,0.9999892734430567,0.9999678206743462,1.0,1.0,34.018099716013175,lattice
104,104,71,88,4.618806320702435,1.0720078613281245,1.0,1.000003491243537,1.0000104737671776,1.0,1.0,25.648821925648257,lattice
105,105,72,73,4.618802153517006,1.07200315151573,1.0,1.0000000000000027,1.000000000000008,1.0,1.0,34.96281713581539,lattice
106,106,73,74,4.618802153517007,1.0720031515157296,1.0,1.000000000000002,1.000000000000006,1.0,1.0,36.52812359740651,lattice
107,107,73,90,4.618806320702435,1.0720078613281245,1.0,1.000003491243537,1.0000104737671776,1.0,1.0,28.261090344631555,lattice
108,108,74,75,4.618802153517006,1.072003151515728,1.0,1.0000000000000007,1.0000000000000027,1.0,1.0,36.72449954985677,lattice
109,109,75,76,4.618802153517007,1.0719975748942752,1.0,0.9999947979430431,0.9999843939103135,1.0,1.0,37.10372305881802,lattice
110,110,75,92,4.618806320702435,1.0719926025390625,1.0,0.9999892573532042,0.9999677724058249,1.0,1.0,29.152487233644496,lattice
111,111,76,77,4.618802153517005,1.0720031515157284,1.0,1.0000000000000016,1.0000000000000047,1.0,1.0,36.58006725878633,lattice
112,112,77,78,4.618802153517006,1.07200315151573,1.0,1.0000000000000027,1.000000000000008,1.0,1.0,35.607391325253076,lattice
113,113,77,94,4.618806320707413,1.07200786132928,1.0,1.0000034912435374,1.0000104737671784,1.0,1.0,28.52268775115656,lattice
114,114,78,79,4.618802153517006,1.0719978997171884,1.0,0.9999951009486014,0.9999853029178063,1.0,1.0,34.36680857314707,lattice
115,115,79,80,4.618802153517006,1.0720031515157282,1.0,1.000000000000001,1.0000000000000033,1.0,1.0,31.979315522816986,lattice
116,116,79,96,4.618806320702435,1.0720078613281245,1.0,1.000003491243537,1.0000104737671776,1.0,1.0,26.063426543178903,lattice
117,117,80,81,4.618802153517006,1.0720031515157282,1.0,1.000000000000001,1.0000000000000033,1.0,1.0,30.243321906400734,lattice
118,118,81,82,4.618802153517006,1.0720031515157282,1.0,1.000000000000001,1.0000000000000033,1.0,1.0,23.636487640452785,lattice
119,119,81,98,4.618806320702435,1.0720078613281245,1.0,1.000003491243537,1.0000104737671776,1.0,1.0,21.98202578784878,lattice
120,120,82,101,4.61880423711113,1.0720031515154769,1.0,0.9999995488886094,0.9999986466664391,1.0,1.0,25.744495227293296,lattice
121,121,83,84,4.618802153517007,1.0720031515157267,1.0,0.9999999999999994,0.999999999999998,1.0,1.0,39.155732418856594,lattice
122,122,83,86,4.618802153517007,1.0720031515157267,1.0,0.9999999999999994,0.999999999999998,1.0,1.0,44.412240588279815,lattice
123,123,83,104,4.618806320702434,1.0720078613281245,1.0,1.0000034912435372,1.0000104737671782,1.0,1.0,17.27385091816491,lattice
124,124,84,87,4.618802153517007,1.0720031515157267,1.0,0.9999999999999994,0.999999999999998,1.0,1.0,34.546961836950075,lattice
125,125,85,86,4.618802153517006,1.072007861328128,1.0,1.0000043934688012,1.0000131804643113,1.0,1.0,25.41369340055497,lattice
126,126,87,88,4.618802153517007,1.0720031515157267,1.0,0.9999999999999994,0.999999999999998,1.0,1.0,35.30037597493876,lattice
127,127,87,103,4.618806320702434,1.0720078613281245,1.0,1.0000034912435372,1.0000104737671782,1.0,1.0,21.76388767706099,lattice
128,128,88,89,4.618802153517007,1.0720014605103578,1.0,0.9999984225742555,0.9999952677302311,1.0,1.0,33.45241418307048,lattice
129,129,89,90,4.618802153517007,1.072003151515728,1.0,1.0000000000000007,1.000000000000002,1.0,1.0,35.9779634488681,lattice
130,130,89,106,4.618806320702434,1.0720078613281245,1.0,1.0000034912435372,1.0000104737671782,1.0,1.0,25.378888855984005,lattice
131,131,90,91,4.618802153517006,1.0720031515157276,1.0,1.0000000000000004,1.0000000000000013,1.0,1.0,34.70804251389359,lattice
132,132,91,92,4.618802153517007,1.0720031515157271,1.0,0.9999999999999998,0.9999999999999993,1.0,1.0,36.13133327975675,lattice
133,133,91,108,4.618806320702434,1.072007861328125,1.0,1.0000034912435378,1.0000104737671796,1.0,1.0,26.14032393956951,lattice
134,134,92,93,4.618796280407603,1.0719975748874313,1.0,0.9999960694971468,0.999988208537787,1.0,1.0,35.983913867879934,lattice
135,135,93,94,4.618802153517007,1.0720031515157271,1.0,0.9999999999999998,0.9999999999999993,1.0,1.0,35.274164669978724,lattice
136,136,93,110,4.618806320707412,1.0720078613292805,1.0,1.0000034912435378,1.0000104737671796,1.0,1.0,26.345581725600486,lattice
137,137,94,95,4.618808026628899,1.0720031515165611,1.0,0.9999987284363703,0.9999961853139615,1.0,1.0,36.063009827207495,lattice
138,138,95,96,4.618802153517007,1.0719957238008981,1.0,0.9999930711819095,0.9999792136897541,1.0,1.0,34.42974374324124,lattice
139,139,95,112,4.618806320702434,1.0720078613281245,1.0,1.0000034912435372,1.0000104737671782,1.0,1.0,25.882139621726342,lattice
140,140,96,97,4.618802153517007,1.0720031515157267,1.0,0.9999999999999994,0.999999999999998,1.0,1.0,35.983879354234816,lattice
141,141,97,98,4.618802153517007,1.0720031515157267,1.0,0.9999999999999994,0.999999999999998,1.0,1.0,35.58007171048454,lattice
142,142,97,114,4.618806320702434,1.0720078613281245,1.0,1.0000034912435372,1.0000104737671782,1.0,1.0,22.153960492886892,lattice
143,143,98,99,4.618802153517007,1.0720031515157267,1.0,0.9999999999999994,0.999999999999998,1.0,1.0,40.2787716197744,lattice
144,144,99,100,4.618802153517007,1.0720031515157267,1.0,0.9999999999999994,0.999999999999998,1.0,1.0,46.00989846057579,lattice
145,145,99,116,4.618806320702434,1.0720078613281245,1.0,1.0000034912435372,1.0000104737671782,1.0,1.0,17.755337775665247,lattice
146,146,100,101,4.618802153517006,1.072007861328128,1.0,1.0000043934688012,1.0000131804643113,1.0,1.0,26.64881507865864,lattice
147,147,102,103,4.618802153517007,1.0719899370220562,1.0,0.9999876730831878,0.9999630197054202,1.0,1.0,23.336548228914246,lattice
148,148,102,104,4.618802153517007,1.0719899370220562,1.0,0.9999876730831878,0.9999630197054202,1.0,1.0,20.077834493311485,lattice
149,149,102,119,4.618791061913371,1.0720078613281245,1.0,1.000006794887744,1.000020384801744,1.0,1.0,18.38413268711281,lattice
150,150,103,105,4.618802153517007,1.0719899370220562,1.0,0.9999876730831878,0.9999630197054202,1.0,1.0,24.25543573010165,lattice
151,151,105,106,4.618802153517007,1.0719954322189291,1.0,0.9999927991846039,0.9999783977093664,1.0,1.0,29.44488898776918,lattice
152,152,105,118,4.618791061913371,1.0720078613281245,1.0,1.000006794887744,1.000020384801744,1.0,1.0,22.856288357826827,lattice
153,153,106,107,4.618802153517007,1.0719899370220571,1.0,0.9999876730831888,0.9999630197054229,1.0,1.0,26.945876124036715,lattice
154,154,107,108,4.618802153517007,1.0719899370220571,1.0,0.9999876730831888,0.9999630197054229,1.0,1.0,30.94993003170501,lattice
155,155,107,121,4.618791061913371,1.0720078613281245,1.0,1.000006794887744,1.000020384801744,1.0,1.0,21.937607607256403,lattice
156,156,108,109,4.618802153517006,1.0719899370220567,1.0,0.9999876730831884,0.9999630197054222,1.0,1.0,29.280420576757194,lattice
157,157,109,110,4.618802153517007,1.0719843603860508,1.0,0.9999824710126552,0.9999474139597565,1.0,1.0,29.72487721594439,lattice
158,158,109,123,4.618791061913371,1.0719926025390625,1.0,0.9999925609503877,0.999977683017181,1.0,1.0,20.36288366231418,lattice
159,159,110,111,4.618802153517006,1.0719899370220567,1.0,0.9999876730831884,0.9999630197054222,1.0,1.0,31.15426420872427,lattice
160,160,111,112,4.618802153517007,1.0719899370220571,1.0,0.9999876730831888,0.9999630197054229,1.0,1.0,27.871787536626826,lattice
161,161,111,125,4.618791061918349,1.07200786132928,1.0,1.0000067948877445,1.0000203848017448,1.0,1.0,22.34575977025244,lattice
162,162,112,113,4.618802153517007,1.0719954322189307,1.0,0.9999927991846053,0.9999783977093707,1.0,1.0,30.0954228428709,lattice
163,163,113,114,4.618802153517007,1.0719899370220562,1.0,0.9999876730831878,0.9999630197054202,1.0,1.0,25.139497157213686,lattice
164,164,113,127,4.618791061913371,1.0720078613281245,1.0,1.000006794887744,1.000020384801744,1.0,1.0,23.440411582269082,lattice
165,165,114,115,4.618802153517007,1.0719899370220562,1.0,0.9999876730831878,0.9999630197054202,1.0,1.0,23.82020504739364,lattice
166,166,115,116,4.618802153517007,1.0719899370220562,1.0,0.9999876730831878,0.9999630197054202,1.0,1.0,20.77899361769333,lattice
167,167,115,129,4.618791061913371,1.0720078613281245,1.0,1.000006794887744,1.000020384801744,1.0,1.0,18.663641094155526,lattice
168,168,117,118,4.618802153517006,1.0720031515157267,1.0,0.9999999999999997,0.9999999999999987,1.0,1.0,24.104394404218677,lattice
169,169,117,119,4.618802153517006,1.0720031515157282,1.0,1.000000000000001,1.0000000000000033,1.0,1.0,12.93289609834547,lattice
170,170,117,132,4.618806320702436,1.0720078613281245,1.0,1.0000034912435367,1.0000104737671762,1.0,1.0,21.60273369175436,lattice
171,171,118,120,4.618802153517006,1.0720008063557456,1.0,0.9999978123571949,0.9999934370859419,1.0,1.0,16.80554486833239,lattice
172,172,120,121,4.618802153517007,1.07200315151573,1.0,1.0000000000000024,1.0000000000000073,1.0,1.0,25.480067427148278,lattice
173,173,120,131,4.618806320702436,1.0720078613281245,1.0,1.0000034912435367,1.0000104737671762,1.0,1.0,19.641220916074253,lattice
174,174,121,122,4.618802153517006,1.0720031515157296,1.0,1.0000000000000022,1.0000000000000067,1.0,1.0,19.379440336916986,lattice
175,175,122,123,4.618802153517006,1.072003151515728,1.0,1.0000000000000007,1.0000000000000027,1.0,1.0,22.161567584118956,lattice
176,176,122,134,4.618806320702436,1.072007861328125,1.0,1.0000034912435372,1.0000104737671776,1.0,1.0,13.788418562531968,lattice
177,177,123,124,4.618796280407602,1.0719975748874326,1.0,0.9999960694971484,0.9999882085377914,1.0,1.0,22.162480680800158,lattice
178,178,124,125,4.618802153517006,1.0720031515157296,1.0,1.0000000000000022,1.0000000000000067,1.0,1.0,20.20099034960474,lattice
179,179,124,136,4.6188063207074155,1.0720078613292805,1.0,1.000003491243537,1.000010473767177,1.0,1.0,13.9253590158132,lattice
180,180,125,126,4.618808026628898,1.072003151516564,1.0,0.9999987284363732,0.9999961853139702,1.0,1.0,26.06912034238622,lattice
181,181,126,127,4.618802153517006,1.0719947159253405,1.0,0.9999921310022505,0.9999763931925146,1.0,1.0,17.93378544931454,lattice
182,182,126,138,4.618806320702436,1.0720078613281245,1.0,1.0000034912435367,1.0000104737671762,1.0,1.0,19.76068455590376,lattice
183,183,127,128,4.618802153517006,1.0720031515157267,1.0,0.9999999999999997,0.9999999999999987,1.0,1.0,25.1912733822127,lattice
184,184,128,129,4.618802153517006,1.0720031515157282,1.0,1.000000000000001,1.0000000000000033,1.0,1.0,13.5314966842061,lattice
185,185,128,140,4.618806320702436,1.0720078613281245,1.0,1.0000034912435367,1.0000104737671762,1.0,1.0,22.46042146922782,lattice
186,186,130,131,4.618802153517005,1.072003151515726,1.0,0.9999999999999992,0.9999999999999977,1.0,1.0,23.410024071461287,lattice
187,187,130,132,4.618802153517005,1.0720031515157251,1.0,0.9999999999999982,0.999999999999995,1.0,1.0,9.424737123833825,lattice
188,188,130,143,4.618806320702436,1.0720078613281245,1.0,1.0000034912435367,1.0000104737671762,1.0,1.0,21.254448318008066,lattice
189,189,131,133,4.618802153517005,1.0720038068358568,1.0,1.0000006113042943,1.000001833914004,1.0,1.0,10.665888456962724,lattice
190,190,133,134,4.618802153517006,1.0720031515157256,1.0,0.9999999999999984,0.9999999999999957,1.0,1.0,14.868875516409986,lattice
191,191,133,142,4.618806320702436,1.0720078613281245,1.0,1.0000034912435367,1.0000104737671762,1.0,1.0,8.749810100454859,lattice
192,192,134,135,4.618802153517005,1.0720031515157258,1.0,0.9999999999999989,0.999999999999997,1.0,1.0,11.900697354458556,lattice
193,193,135,136,4.618802153517006,1.071997574894268,1.0,0.9999947979430368,0.9999843939102941,1.0,1.0,12.359121602429335,lattice
194,194,135,145,4.618806320702436,1.0719926025390625,1.0,0.9999892573532038,0.9999677724058236,1.0,1.0,8.308949989031667,lattice
195,195,136,137,4.618802153517004,1.072003151515726,1.0,0.9999999999999994,0.9999999999999983,1.0,1.0,15.396735766600544,lattice
196,196,137,138,4.618802153517005,1.0719992875373097,1.0,0.9999963955531178,0.9999891866983295,1.0,1.0,11.911031642930947,lattice
197,197,137,147,4.6188063207074155,1.07200786132928,1.0,1.0000034912435367,1.0000104737671764,1.0,1.0,8.84416317593313,lattice
198,198,138,139,4.618802153517005,1.072003151515726,1.0,0.9999999999999992,0.9999999999999977,1.0,1.0,24.237417050883337,lattice
199,199,139,140,4.618802153517005,1.0720031515157251,1.0,0.9999999999999982,0.999999999999995,1.0,1.0,10.950266570783374,lattice
200,200,139,149,4.618806320702436,1.0720078613281245,1.0,1.0000034912435367,1.0000104737671762,1.0,1.0,21.09851641323082,lattice
201,201,141,142,4.618802153517006,1.0719926281215375,1.0,0.9999901834298016,0.9999705505784994,1.0,1.0,10.840755715575057,lattice
202,202,141,143,4.618802153517005,1.072003151515726,1.0,0.9999999999999992,0.9999999999999977,1.0,1.0,11.397977075879151,lattice
203,203,141,152,4.618806320702436,1.0720078613281245,1.0,1.0000034912435367,1.0000104737671762,1.0,1.0,3.11030030496231,lattice
204,204,142,144,4.618802153517005,1.072003151515726,1.0,0.9999999999999992,0.9999999999999977,1.0,1.0,8.121978748621327,lattice
205,205,144,145,4.618802153517005,1.0720031515157258,1.0,0.9999999999999989,0.999999999999997,1.0,1.0,7.64199951917468,lattice
206,206,144,151,4.618806320702436,1.072007861328125,1.0,1.0000034912435372,1.0000104737671776,1.0,1.0,6.684082268647806,lattice
207,207,145,146,4.618796280407601,1.0719975748874302,1.0,0.9999960694971461,0.9999882085377854,1.0,1.0,7.668669979675369,lattice
208,208,146,147,4.618802153517005,1.072003151515726,1.0,0.9999999999999992,0.9999999999999977,1.0,1.0,8.99012302344342,lattice
209,209,146,154,4.6188063207074155,1.0720078613292805,1.0,1.000003491243537,1.000010473767177,1.0,1.0,6.541987076531863,lattice
210,210,147,148,4.618808026628898,1.0719926281377947,1.0,0.999988911893042,0.9999667360479626,1.0,1.0,11.895219260144385,lattice
211,211,148,149,4.618802153517005,1.072003151515726,1.0,0.9999999999999992,0.9999999999999977,1.0,1.0,13.356985639096418,lattice
212,212,148,156,4.618806320702436,1.0720078613281245,1.0,1.0000034912435367,1.0000104737671762,1.0,1.0,3.1369450463169635,lattice
213,213,150,151,4.618802153517008,1.0719899370220551,1.0,0.9999876730831867,0.9999630197054166,1.0,1.0,1.815044911082242,lattice
214,214,150,152,4.618802153517007,1.0719923933311504,1.0,0.9999899644095619,0.9999698935308239,1.0,1.0,3.064888061038329,lattice
215,215,150,159,4.61879106191337,1.0720078613281245,1.0,1.0000067948877442,1.0000203848017446,1.0,1.0,4.241832626420994,lattice
216,216,151,153,4.618802153517007,1.0719899370220562,1.0,0.9999876730831878,0.9999630197054202,1.0,1.0,5.088794719256562,lattice
217,217,153,154,4.618802153517008,1.071984360386054,1.0,0.9999824710126579,0.9999474139597645,1.0,1.0,4.9209057186683,lattice
218,218,153,158,4.61879106191337,1.0719926025390625,1.0,0.9999925609503879,0.9999776830171817,1.0,1.0,9.296806604526363,lattice
219,219,154,155,4.618802153517007,1.0719899370220556,1.0,0.9999876730831873,0.9999630197054186,1.0,1.0,1.6097259694498156,lattice
220,220,155,156,4.618802153517007,1.0719923933311541,1.0,0.9999899644095654,0.9999698935308345,1.0,1.0,3.0211619890404773,lattice
221,221,155,161,4.6187910619183485,1.07200786132928,1.0,1.0000067948877447,1.0000203848017455,1.0,1.0,4.048343125887044,lattice
222,222,157,158,4.618802153517007,1.0720031515157302,1.0,1.0000000000000027,1.000000000000008,1.0,1.0,5.188807332443446,lattice
223,223,157,159,4.618802153517007,1.0719920112057548,1.0,0.9999896079503527,0.9999688241750412,1.0,1.0,4.065247397021188,lattice
224,224,158,160,4.618796280407603,1.0719975748874357,1.0,0.999996069497151,0.9999882085377994,1.0,1.0,5.897215708945369,lattice
225,225,160,161,4.618802153517007,1.071992011215397,1.0,0.9999896079593472,0.999968824202024,1.0,1.0,3.9775555403693597,lattice
226,226,1,162,7.70960205028586,1.0821121051121605,1.0,0.6047468172518748,0.2211672276818527,1.0,1.0,27.74502461872832,transition
227,227,11,163,7.70960205028586,1.0821121051121605,1.0,0.6047468172518748,0.2211672276818527,1.0,1.0,27.859569639289283,transition
228,228,16,164,0.5260688870196932,1.6825941939071507,1.0,13.780661533517783,2617.039022715487,1.0,1.0,3.930246846192964,transition
229,229,30,165,0.5260688870196932,1.682566817774377,1.0,13.780437319490886,2616.9112856015295,1.0,1.0,3.7726010465136683,transition
230,230,34,166,1.76418548429315,1.0726556391207382,1.0,2.6196868096459514,17.978279179343527,1.0,1.0,-3.8916794347944927,transition
231,231,48,167,1.764178499729882,1.0726558969738595,1.0,2.619697810996925,17.978505679155287,1.0,1.0,-3.8882849885496396,transition
232,232,51,168,1.1060517230507543,1.0912558950299565,1.0,4.250934993563744,76.81630111076804,1.0,1.0,3.511379673331949,transition
233,233,67,169,1.1060480384219902,1.0912543082347768,1.0,4.250942973594145,76.816733719761,1.0,1.0,4.043626457073968,transition
234,234,86,170,1.9040021873010398,1.1098267126403676,1.0,2.5114297138540773,15.840288415613903,1.0,1.0,61.883746044655965,transition
235,235,100,171,1.9040021873010406,1.1098267126403727,1.0,2.5114297138540875,15.840288415614099,1.0,1.0,64.33442275314296,transition
236,236,104,172,3.1939341231026033,1.0729833294715274,1.0,1.4474391587528128,3.032501003938942,1.0,1.0,12.815046074277436,transition
237,237,116,173,3.1939282300335203,1.0729836593250335,1.0,1.4474422743695807,3.0325205863813323,1.0,1.0,13.122079066122282,transition
238,238,119,174,2.301626979301575,1.1066820083851172,1.0,2.071673007136013,8.891266391011344,1.0,1.0,15.871605818307133,transition
239,239,129,175,2.301626979301575,1.1066820083851172,1.0,2.071673007136013,8.891266391011344,1.0,1.0,16.25645258903239,transition
240,240,132,176,1.0976430689811283,1.0734712213142434,1.0,4.213689830341774,74.81482977164801,1.0,1.0,22.615968763584892,transition
241,241,140,177,1.0976430689811283,1.0734712213142434,1.0,4.213689830341774,74.81482977164801,1.0,1.0,24.57538967619182,transition
242,242,143,178,1.589916413908718,1.087019639777934,1.0,2.945753452747083,25.56166778451338,1.0,1.0,28.70868561954105,transition
243,243,149,179,1.5899094161760163,1.087010643553098,1.0,2.945742038711874,25.56137065104623,1.0,1.0,30.153521684652752,transition
244,244,157,180,0.9401913767564309,1.072007861328125,1.0,4.912640724290243,118.56186227274662,1.0,1.0,8.570275039094778,transition
245,245,160,181,0.9401913767564309,1.072007861328125,1.0,4.912640724290243,118.56186227274662,1.0,1.0,9.283142195012871,transition
