id,original_hole_size,hole_size,baseline_demand,candidate_demand,original_ligament_width,ligament_width,delta,risk_original,risk_candidate
0,6.918529104994896,6.623862810903601,19.0352517069067,16.9296276643905,1.0720006231907495,1.2669768781335198,-2.1056240425161974,MODERATE,MODERATE
1,6.918529104994896,6.6158877398798435,19.223051294457516,16.627593497964476,1.0720006231907497,1.2730515319377398,-2.59545779649304,MODERATE,MODERATE
2,6.928197684471472,6.509378616193608,28.6317988481684,27.99716994775161,1.0720027850273108,1.397791391083728,-0.6346289004167929,HIGH,HIGH
3,6.928197684471472,6.548672407216818,22.075761193257605,21.23416566847942,1.0720016476294736,1.4297191163934577,-0.8415955247781852,HIGH,HIGH
4,6.928197684471472,6.5678092891481885,24.91611392332258,22.307899122144548,1.0720006950328271,1.415781796544297,-2.6082148011780326,HIGH,HIGH
5,6.92820531386791,6.5627808051976,24.91611392332258,22.307899122144548,1.0719988368313393,1.420686342632368,-2.6082148011780326,HIGH,HIGH
6,6.928197684471472,6.534480262936765,22.460789605043942,21.415713269308533,1.072001734238878,1.4422652544586876,-1.0450763357354091,HIGH,HIGH
7,6.928197684471472,6.4879930067488,29.014524989565714,28.061562602931,1.0720021833108164,1.4134857459633352,-0.952962386634713,HIGH,HIGH
8,6.928197684471472,6.404874564829464,32.991511927201735,34.81313646927795,1.0720025190375397,1.5101620694826592,1.821624542076215,CRITICAL,CRITICAL
9,6.928197684471472,6.434497321607818,30.840534170220412,29.639714899222902,1.072001205255592,1.5664907955702077,-1.2008192709975098,CRITICAL,HIGH
10,6.928197684471472,6.4515761972628205,29.045680459691113,26.095206944650418,1.072002519037581,1.5496188862493578,-2.950473515040695,HIGH,HIGH
11,6.928197684471472,6.453347803186796,29.386669973811564,25.161010957149244,1.0720006601616034,1.5476602438319296,-4.22565901666232,HIGH,HIGH
12,6.928197684471472,6.441015784849755,29.465016193327976,26.408398816366073,1.0720025190379134,1.5599530783531952,-3.0566173769619027,HIGH,HIGH
13,6.928197684471472,6.414999489351117,31.34596259167015,29.967288764797573,1.0720002501080637,1.5857150039690964,-1.3786738268725784,CRITICAL,HIGH
14,6.928197684471472,6.378538725865703,33.7202418426239,35.03018566360032,1.0720025190375397,1.5314668753603176,1.3099438209764216,CRITICAL,CRITICAL
15,6.928197684471472,6.314667426968986,32.991511927201735,34.81313646927795,1.072000316622088,1.5270861225346897,1.821624542076215,CRITICAL,CRITICAL
16,6.928197684471472,6.336271740524751,30.840534170220412,29.639714899222902,1.0720003166219692,1.6620019740328627,-1.2008192709975098,CRITICAL,HIGH
17,6.928197684471472,6.346755428314518,32.54227016136812,28.092151976969724,1.0720001801071721,1.650086950383147,-4.450118184398399,CRITICAL,HIGH
18,6.928197684471472,6.34643636046405,34.300893588878466,27.94957442183099,1.0719977734904584,1.6488466883350006,-6.351319167047475,CRITICAL,HIGH
19,6.92820531386791,6.340766266608199,34.44859518285135,28.304207871692256,1.0719959146144802,1.6544290578338547,-6.144387311159093,CRITICAL,HIGH
20,6.928197684471472,6.330511294962357,33.05727322342189,28.547550815906362,1.0719991388734769,1.6661267646903688,-4.509722407515525,CRITICAL,HIGH
21,6.928197684471472,6.311286372938752,31.34596259167015,29.967288764797573,1.0720003166219685,1.686540081774675,-1.3786738268725784,CRITICAL,HIGH
22,6.928197684471472,6.282893615175965,33.7202418426239,35.03018566360032,1.0720003166220882,1.5496015214407193,1.3099438209764216,CRITICAL,CRITICAL
23,6.928197684471472,6.26359862375337,29.694698845197575,27.542101331323245,1.0720025190375813,1.6730082402633568,-2.15259751387433,HIGH,HIGH
24,6.928197684471472,6.276328493509764,34.018099716013175,28.092151976969724,1.0720006556622335,1.716806012350719,-5.925947739043451,CRITICAL,HIGH
25,6.928197684471472,6.275689896179942,36.52812359740651,27.94957442183099,1.0720025190375821,1.714760054867214,-8.578549175575521,CRITICAL,HIGH
26,6.928197684471472,6.2694398712020005,37.10372305881802,28.655523899719483,1.072000660162816,1.7195211439141422,-8.448199159098536,CRITICAL,HIGH
27,6.928197684471472,6.2638715275639845,36.58006725878633,28.304207871692256,1.0720025190379137,1.7264791178280285,-8.275859387094073,CRITICAL,HIGH
28,6.928197684471472,6.253855730415296,34.36680857314707,28.547550815906362,1.072001696846285,1.7379255556296567,-5.819257757240706,CRITICAL,HIGH
29,6.928197684471472,6.2353779160243255,30.243321906400734,27.971977572294126,1.0720025190375813,1.6952621859070724,-2.271344334106608,CRITICAL,HIGH
30,6.928197684471472,6.235377916024327,44.412240588279815,18.750350687672412,1.0720047214531518,1.5836039830003923,-25.661889900607402,CRITICAL,MODERATE
31,6.928197684471472,6.253869062772168,35.30037597493876,23.658347893182572,1.0720047214531931,1.7357103617246468,-11.642028081756187,CRITICAL,HIGH
32,6.928197684471472,6.266574531309986,35.9779634488681,26.957576992195786,1.0720025231351573,1.7220272985808045,-9.020386456672316,CRITICAL,HIGH
33,6.928197684471472,6.265607668255902,36.72449954985677,28.365078969171332,1.0720021783216833,1.720887075280368,-8.359420580685441,CRITICAL,HIGH
34,6.92820531386791,6.259129438059733,37.10372305881802,28.655523899719483,1.0720003194469176,1.7273113810513667,-8.448199159098536,CRITICAL,HIGH
35,6.928197684471472,6.247736313952471,36.063009827207495,27.40492344207062,1.072002608201297,1.73976196829668,-8.658086385136876,CRITICAL,HIGH
36,6.928197684471472,6.235377916024326,35.983879354234816,24.18882791702299,1.0720047214531931,1.7560163272734195,-11.795051437211825,CRITICAL,HIGH
37,6.928197684471472,6.235377916024327,46.00989846057579,18.973185676104908,1.0720047214531518,1.5905553024646377,-27.036712784470883,CRITICAL,MODERATE
38,6.928197684471472,6.284852822709852,39.155732418856594,21.469940844563528,1.0720003166219694,1.5991036231911118,-17.685791574293066,CRITICAL,HIGH
39,6.928197684471472,6.323957708492948,35.30037597493876,25.431185697487614,1.0720009506538866,1.6659456042574714,-9.869190277451146,CRITICAL,HIGH
40,6.928197684471472,6.343201198924015,35.9779634488681,26.570747438730045,1.0720003166219698,1.6458798142571835,-9.407216010138058,CRITICAL,HIGH
41,6.928197684471472,6.344080962412281,36.13133327975675,27.463397768310173,1.0719984577447785,1.6443669963028638,-8.66793551144658,CRITICAL,HIGH
42,6.928197684471472,6.329172207049125,36.063009827207495,26.63326194779694,1.072000316622301,1.6596742206768906,-9.429747879410556,CRITICAL,HIGH
43,6.928197684471472,6.2974686889881735,35.983879354234816,25.553747158451646,1.0719999945356433,1.691134213207474,-10.43013219578317,CRITICAL,HIGH
44,6.928197684471472,6.248148854799282,40.2787716197744,21.671145327227094,1.0720003166219694,1.6239875485251145,-18.60762629254731,CRITICAL,HIGH
45,6.928197684471472,6.43441580346922,24.25543573010165,25.155297197597637,1.0720003166219694,1.4826154631164667,0.8998614674959882,HIGH,HIGH
46,6.928197684471472,6.484369018597734,29.44488898776918,25.431185697487614,1.0720008416281186,1.5101534205509137,-4.0137032902815655,HIGH,HIGH
47,6.928197684471472,6.508021083980085,30.94993003170501,25.71970338661995,1.0719977734904595,1.487268645779486,-5.230226645085057,CRITICAL,HIGH
48,6.92820531386791,6.50034648989601,31.15426420872427,25.662588117059016,1.0719959146132685,1.4947436701877252,-5.491676091665255,CRITICAL,HIGH
49,6.928197684471472,6.462505279292976,30.0954228428709,25.553747158451646,1.071999826556716,1.5315432238783397,-4.541675684419253,CRITICAL,HIGH
50,6.928197684471472,6.401012672743474,25.1912733822127,25.132072235175904,1.0720003166219694,1.5087777693785034,-0.05920114703679502,HIGH,HIGH
51,6.928197684471472,6.654920969594737,24.104394404218677,27.09718311213576,1.0720043305931954,1.3068144392505883,2.9927887079170823,HIGH,HIGH
52,6.928197684471472,6.709804031624501,25.480067427148278,24.620357453342834,1.0720048306732153,1.2947290370004283,-0.8597099738054439,HIGH,HIGH
53,6.928197684471472,6.725201684930472,22.162480680800158,19.695358378857186,1.0720028625784266,1.2818543302700975,-2.4671223019429718,HIGH,MODERATE
54,6.928197684471472,6.694384705354192,26.06912034238622,24.538299835981768,1.0720040774571225,1.309074655980044,-1.5308205064044529,HIGH,HIGH
55,6.928197684471472,6.62644882471115,25.1912733822127,26.909614371137902,1.0720033155214612,1.3287421476802421,1.7183409889252026,HIGH,HIGH
56,6.928197684471472,6.906145769158493,23.410024071461287,27.79570560182083,1.0720030767741826,1.1240023355921276,4.385681530359545,HIGH,HIGH
57,6.928197684471472,6.928197684471472,14.868875516409986,15.290314399151427,1.0720021783216815,1.1089556548803103,0.42143888274144103,MODERATE,MODERATE
58,6.92820531386791,6.92820531386791,15.396735766600544,15.271092691293585,1.0720003194469152,1.1120398570277894,-0.12564307530695906,MODERATE,MODERATE
59,6.928197684471472,6.8845323520324015,24.237417050883337,27.75628976109934,1.0720023235606602,1.138466668216706,3.5188727102160016,HIGH,HIGH
60,6.928197684471472,6.9281974596539,10.840755715575057,11.867854907758879,1.0719989721077865,1.0738374957919323,1.0270991921838224,MODERATE,MODERATE
61,6.928197684471472,6.928197684471472,7.668669979675369,8.374920222889838,1.0719984577447788,1.0719984577447788,0.7062502432144688,LOW,LOW
62,6.928197684471472,6.9281974596539,11.895219260144385,12.077310891865878,1.0719989721106893,1.0756386146081096,0.18209163172149267,MODERATE,MODERATE
63,6.928197684471472,6.928199487978848,9.296806604526363,11.624451105387944,1.0719959167721305,1.0719959167721305,2.327644500861581,LOW,MODERATE
64,6.92820531386791,6.928207117373299,9.296806604526363,11.624451105387944,1.0719940578965474,1.0719940578965474,2.327644500861581,LOW,MODERATE
