cell,x0_mm,y0_mm,z_direct_mm,direct_edge_stretch_max,direct_edge_stretch_mean,x_relaxed_mm,y_relaxed_mm,z_relaxed_mm,relaxed_edge_stretch_max,relaxed_edge_stretch_mean,xy_shift_mm,boundary_cell,candidate_hex_side_mm,candidate_ligament_gap_mm,candidate_hole_scale
0,-8.009178843548954,-41.027240722156954,35.27880492488113,2.526685959227388,2.343784860758751,-7.492513565321233,-38.81018311158363,25.65118132279626,1.1934946162670603,1.1479838666886115,2.276463805626439,True,3.419086322299641,2.077968774313205,0.8547715805749102
1,8.009178843548954,-41.027240722156954,35.27883119588289,2.5266881518480293,2.34378741431122,7.501749438383631,-38.80945055185372,25.655086455367837,1.1915324466276336,1.148048111307399,2.2750995232560864,True,3.424977189981138,2.067765492188186,0.8562442974952845
2,-20.0,-34.10453414916992,29.67788419022853,2.0545197020758157,1.6155822559669044,-18.771109548489704,-32.626605399919335,24.258352220590833,1.1999654217447313,1.0969700498532573,1.9220939440294234,True,3.399659531620724,2.111616962797094,0.849914882905181
3,-12.0,-34.10453414916992,19.972130330205815,2.1608837622901134,1.486500869854483,-11.679654813938857,-33.97610784395156,19.592593571084002,1.1219523646191394,1.0567406590294346,0.3451294744071972,False,3.633872001185908,1.705949065744016,0.908468000296477
4,-4.0,-34.10453414916992,16.716181606462193,2.526685959227388,1.418178031992177,-4.113856222597687,-34.83758991518028,17.65349858114906,1.1934946162670603,1.0823099701300112,0.7418449942577282,False,3.419086322299641,2.077968774313205,0.8547715805749102
5,3.9999932183159723,-34.10453414916992,16.716180891022947,2.5266881518480293,1.4181784423445072,4.1942003466391276,-34.8252241448425,17.652187555030164,1.1915324466276336,1.0812301172809222,0.7463983377219356,False,3.424977189981138,2.067765492188186,0.8562442974952845
6,12.0,-34.10453414916992,19.972130330205815,2.16088667677441,1.4865014381210204,11.739112124600627,-33.96617452756529,19.614476180909467,1.1196467872663818,1.0563023374257365,0.29530639752801613,False,3.6407938548532193,1.6939600635096763,0.9101984637133048
7,20.0,-34.10453414916992,29.67788419022853,2.054519742382424,1.6155822694024409,18.79232137749261,-32.62896782116452,24.289244809033534,1.1993718184966404,1.0959254807439793,1.9067730970424057,True,3.4014416599951254,2.108530225907021,0.8503604149987813
8,-24.0,-27.176326751708984,24.08704514573909,1.608793016967512,1.328099294285361,-22.30641694942924,-26.295944794099416,20.57623237964603,1.0218088426999312,1.0027755254344102,1.9087419784939537,False,3.9345250257416984,1.185202751764134,0.9836312564354246
9,-16.0,-27.176326751708984,15.320047891237644,2.0545197020758157,1.3469644531217602,-16.049560291661596,-28.164338814556334,16.206264381753826,1.1999654217447313,1.071492573275927,0.9892542943255076,False,3.399659531620724,2.111616962797094,0.849914882905181
10,-8.0,-27.176326751708984,11.429556130388551,1.4629567028327362,1.1608970023699052,-8.323134432354832,-29.033165086326544,12.894616604131933,1.1279303861758483,1.0859578613492233,1.8847451982373091,False,3.6159246569399746,1.7370347778389021,0.9039811642349936
11,-0.0,-27.176326751708984,10.24842076764111,1.2859330193314509,1.125026172931836,0.07204810670820541,-29.418108044525713,11.85492633340763,1.1237615072972063,1.0997225789680072,2.2429387629855793,False,3.6284405543225495,1.715356607669964,0.9071101385806374
12,8.0,-27.176326751708984,11.429556130388551,1.4629567028327362,1.1608969548982873,8.458408354387029,-29.003265482020186,12.918390729615513,1.1255175535430213,1.0858609018858816,1.8835719640308224,False,3.6231685147043495,1.724488048148202,0.9057921286760874
13,16.0,-27.176326751708984,15.320047522108846,2.054519742382424,1.346964446173091,16.136948537925157,-28.13024567130912,16.24100812393765,1.1993718184966404,1.0711035647199203,0.9636992306788079,False,3.4014416599951254,2.108530225907021,0.8503604149987813
14,24.0,-27.176326751708984,24.087045145739086,1.608792613754785,1.3280992020030626,22.352589140454416,-26.288929495934045,20.629208756198167,1.0243693587869211,1.0022303062829538,1.8712125559929347,False,3.926837789550841,1.1985174354164814,0.9817094473877103
15,-28.0,-20.248126983642578,24.16554237510259,1.6164904781199965,1.365690834495912,-26.63238697931458,-19.695249926263568,21.29765035274114,1.1592475141189214,1.087476362740105,1.475140133995536,True,3.5219037052494424,1.8998838431428826,0.8804759263123606
16,-20.0,-20.248126983642578,14.005096823131584,1.6164904781199965,1.2648097675048364,-20.296586929509605,-21.02777022058697,14.657715524030467,1.1592475141189214,1.070738610668338,0.8341506960190488,False,3.5219037052494424,1.8998838431428826,0.8804759263123606
17,-12.0,-20.248126983642578,9.167601408081754,1.2615257757352925,1.0964163105743465,-12.756683598702892,-22.127206361877324,10.315878608030172,1.1351089041432538,1.1011356929889702,2.025712066966339,False,3.594373156679481,1.774363071269411,0.8985932891698702
18,-4.0,-20.248126983642578,7.021117106169184,1.141780060352963,1.0487543353889592,-4.288829561554625,-22.597030544592666,8.023988254074382,1.1386058438433586,1.1154140767624614,2.3665946958175668,False,3.5838745694780645,1.792547157709956,0.8959686423695161
19,3.9999932183159723,-20.248126983642578,7.021116247476816,1.141779999430214,1.048754334023091,4.472949770202972,-22.570143717282058,8.039290705812377,1.1338782389891204,1.1158996125347385,2.3696939910618413,False,3.598067885941191,1.7679636124679172,0.8995169714852977
20,12.0,-20.248126983642578,9.167601408081754,1.261525747606571,1.096416345071648,12.923381611101666,-22.048386971834596,10.35321689698609,1.131800036299562,1.1023639689487315,2.023257182071976,False,3.6043071105288766,1.7571569584822129,0.9010767776322192
21,20.0,-20.248126983642578,14.005100940973023,1.6164900737031727,1.2648096901394588,20.397266645507166,-20.96503342211206,14.713967465968363,1.1490694644249138,1.0698652351150892,0.8196191976470016,False,3.5524604638488784,1.8469579847340425,0.8881151159622196
22,28.0,-20.248126983642578,24.16554237510259,1.6164900737031727,1.3656906996903038,26.653793961562588,-19.69009577751555,21.327096870914524,1.1490694644249138,1.0813652116842492,1.4572815530764598,True,3.5524604638488784,1.8469579847340425,0.8881151159622196
23,-24.0,-13.319927215576172,15.431316555341558,1.4805338873104643,1.2086020141532372,-23.717111447601155,-13.84899225228343,15.252601077976207,1.1125719101297193,1.0609845747533733,0.5999464527308808,False,3.6620342023937638,1.657170702399032,0.9155085505984409
24,-16.0,-13.319927215576172,9.211471423768815,1.2666791810968576,1.0975022461750161,-16.783934684227265,-14.584091827727278,9.883708983665517,1.1028326561616266,1.0873636391517376,1.4875031952065374,False,3.6912735990747234,1.6065265817649497,0.9228183997686809
25,-8.0,-13.319927215576172,6.038462818756626,1.0757844783537718,1.0300245897349096,-8.651642813369843,-14.988486810409361,6.488414191950356,1.137545319608128,1.1158636969679587,1.7912926834346363,False,3.587058498032066,1.7870324316867565,0.8967646245080165
26,-0.0,-13.319927215576172,5.061782513596031,1.029555387376985,1.0123307985705254,0.11297676797676202,-15.084716257533834,5.348121660980419,1.1386058438433586,1.1254915236043774,1.7684015699824291,False,3.5838745694780645,1.792547157709956,0.8959686423695161
27,8.0,-13.319927215576172,6.038462818756627,1.0757844745847776,1.0300245846697214,8.889958770982922,-14.921425419626697,6.538671035433218,1.1315436884003494,1.1175371298447692,1.8321635057020678,False,3.6050767236776826,1.7558239494063077,0.9012691809194207
28,24.0,-13.319927215576172,15.43131655534156,1.4805338873104639,1.2086019902875693,23.861954335268457,-13.756905771728766,15.37988195803998,1.106560945751585,1.0595560537890694,0.4582650587688083,False,3.6800804482831504,1.6259136876327336,0.9200201120707876
29,15.999999827696731,-13.31992684087125,9.211471273646522,1.2666791823367094,1.0975022931601968,17.026596199106233,-14.414663247748608,10.00095134786639,1.1071434589512288,1.0916540139124444,1.5007824327109855,False,3.6783316146895224,1.628942756270881,0.9195829036723806
30,-28.0,-6.391719818115234,20.28576191577747,1.4787206870081688,1.2426597884741344,-26.805677527344923,-6.5927444219355085,18.4918846567058,1.1668049115479848,1.0855365601364337,1.2111222316636898,True,3.49921472496122,1.9391823097740124,0.874803681240305
31,-20.0,-6.391719818115234,11.571213637645192,1.4787206870081688,1.1663006658204276,-20.352138998651842,-7.181250201041939,11.773457883283891,1.1668049115479848,1.070235736540071,0.8644999132075786,False,3.49921472496122,1.9391823097740124,0.874803681240305
32,-12.0,-6.391719818115234,7.102694485749161,1.1454233893171175,1.0504389623572,-12.691043327906012,-7.198179824048067,7.327155450598034,1.1257775154662761,1.0989713484884638,1.0620351322873458,False,3.6223880514552245,1.7258398501491268,0.9055970128638061
33,-4.0,-6.391719818115234,5.101290639547096,1.0320362805801027,1.0129794453280982,-4.25946455353784,-7.142589614427066,5.08579496018568,1.137545319608128,1.1194314123350197,0.7944352116793173,False,3.587058498032066,1.7870324316867565,0.8967646245080165
34,3.9999932183159723,-6.391719818115234,5.10129073661146,1.032036284442166,1.0129794366090559,4.491662812666779,-7.138346945990831,5.1160477067881915,1.140587205222598,1.1199462608772015,0.8939748643495795,False,3.577926083944602,1.8028502368820014,0.8944815209861505
35,12.0,-6.391719818115234,7.102694485749161,1.1454234232371459,1.0504389588316276,13.008597768786741,-7.109255730794716,7.470326210712804,1.1267953134319704,1.1026196374868138,1.2377912769067205,False,3.6193323966219584,1.731132399570737,0.9048330991554896
36,20.0,-6.391719818115234,11.571214194111128,1.4787206357671994,1.1663006575653685,20.733421327833227,-6.846036966283487,12.108919562089245,1.141040599357758,1.0830981487994698,0.8627345566513421,False,3.576564894369488,1.8052078863848324,0.894141223592372
37,28.0,-6.391719818115234,20.28576191577747,1.4787206357671994,1.242659771393811,26.987309941686455,-6.5839016119338485,18.75320099968733,1.141040599357758,1.0728853181271896,1.0307642776515065,True,3.576564894369488,1.8052078863848324,0.894141223592372
38,-24.0,0.5364875793457031,17.03188031271061,1.2959304427646106,1.1465661544318215,-22.57102455768931,-0.44324006166456853,15.119269249116478,1.0303021034954603,1.006847501955278,1.7325810414773057,False,3.9090263764273976,1.2293677079008845,0.9772565941068494
39,-16.0,0.5364875793457031,10.437649076320646,1.3008813623619766,1.1305752756606482,-15.935226124904608,0.11743515603829124,10.262391895754048,1.0909467214848017,1.0574459315582307,0.4240289947334826,False,3.7269578065179467,1.5447197214454595,0.9317394516294867
40,-8.0,0.5364875793457031,7.1424502028115935,1.1488314697122626,1.0512837681263802,-8.255705736069332,0.6397079689688131,7.241309724652712,1.1262511787082408,1.095162971319617,0.27575328156289586,False,3.620966009533906,1.7283028990073435,0.9052415023834764
41,-0.0,0.5364875793457031,6.126061542761924,1.0780090806656226,1.0314061275798874,0.058458638236934035,0.763390014874916,6.197419678752716,1.1484819680219374,1.10753663111296,0.2343120304926858,False,3.554224258122191,1.843903003438566,0.8885560645305477
42,8.0,0.5364875793457031,7.1424512900054316,1.148831402814789,1.0512837384720222,8.471124714838977,0.5448282237981836,7.271170392398852,1.1289640171465636,1.0953458160996405,0.4711985391339728,False,3.6128214679202113,1.742409658886622,0.9032053669800528
43,16.0,0.5364875793457031,10.437649076320646,1.3008828856627679,1.1305755225441954,16.404828418770343,0.14995928339383718,10.53786225665152,1.1175004392293684,1.0676970318066616,0.5597232996897212,False,3.6472376668613293,1.6827990537172068,0.9118094167153323
44,24.0,0.5364875793457031,17.03188031271061,1.2959304427646106,1.1465661492498145,23.349857208142303,0.17615535003626975,16.167209617426863,1.1175004392293684,1.045090909226646,0.7433202306433118,True,3.6472376668613293,1.6827990537172068,0.9118094167153323
45,-20.0,7.464679718017578,17.093969532402014,1.3008813623619766,1.1537829386422616,-18.551992575121066,6.404716252620911,15.060477744220991,1.041327013260045,1.0079690090192737,1.794504959725727,False,3.8759271564014512,1.2866972386767248,0.9689817891003628
46,-12.0,7.464679718017578,11.666610962468354,1.524318465025395,1.178351536262124,-11.7102193670268,7.629648754931299,11.63582764892044,1.118766876747333,1.0610429700323343,0.3334480445085694,False,3.643435541043404,1.6893845288106233,0.910858885260851
47,-4.0,7.464679718017578,9.34702381523217,1.298395653416262,1.1080912511920442,-4.085524479352405,8.15221878725157,9.753977530258226,1.1638366094144557,1.08603745818039,0.6928379379708101,False,3.508126225147532,1.9237471386796603,0.877031556286883
48,3.9999932183159723,7.464679718017578,9.347023399649814,1.2985818708457681,1.108122302205121,3.9535811640785816,7.998668730636639,9.63839648152959,1.1289640171465636,1.0800821829689797,0.5360021869138349,False,3.6128214679202113,1.742409658886622,0.9032053669800528
49,12.0,7.464679718017578,11.666610962468354,1.5249797774786211,1.178485044586197,11.697300415889439,7.382083368297972,11.48464372648187,1.0892646584415668,1.0519206718510337,0.3137661473258551,False,3.7320077321821348,1.5359729936206392,0.9330019330455337
50,20.0,7.464679718017578,17.093988585592133,1.3008828856627679,1.1538769669656515,18.641656936103647,6.410455640171804,15.134543977225867,1.010312885983584,0.9942575509928816,1.7194430160796557,False,3.9690384330065305,1.1254237768391278,0.9922596082516326
51,-16.0,14.392887115478516,20.87025537785393,1.524318465025395,1.2190330851408173,-14.67242964292215,13.015376615152313,18.07236971281559,1.1303799118713096,1.0489285825462045,1.9131069576740225,False,3.6085706384777345,1.7497723114553008,0.9021426596194336
52,-8.0,14.392887115478516,15.972221250877714,1.4158346786993161,1.192868867370426,-7.770094656420063,14.250306224873722,15.747837075208356,1.2118027374908444,1.0660597271589676,0.27052869972013194,False,3.3641212889717185,2.173171004676883,0.8410303222429296
53,-0.0,14.392887115478516,14.561612711538784,1.2091491739541953,1.1393894844052155,-0.14914804116314628,14.360178226243642,14.531285523938033,1.12667617316153,1.059024863137586,0.15269253294703974,False,3.619690082091451,1.7305128701644472,0.9049225205228627
54,8.0,14.392887115478516,15.974559056503313,1.4159888742222404,1.1930162718661557,7.365057986075734,13.917340106221449,15.287011825715634,1.1080357251386563,1.0467312110835616,0.7932819921437416,False,3.675652834047322,1.633582540445504,0.9189132085118304
55,16.0,14.392887115478516,20.877263986602156,1.5249797774786211,1.219312706207822,14.463574893286797,12.71900816397179,17.567967411441025,1.0690372554370502,1.016192224349283,2.2721075795032095,False,3.792734874344392,1.430790497997152,0.948183718586098
56,-4.0,21.321094512939453,19.9962800120426,1.2089224412900619,1.1107701916948882,-3.9319181617187327,20.58690202314526,19.550413398778296,1.1059004605425284,1.0414497087469783,0.7373423552014035,False,3.6820633711120223,1.6224791645456396,0.9205158427780056
57,3.9999932183159723,21.321094512939453,19.99950495062529,1.2091491739541953,1.110748168270219,3.7088279160967046,20.651777487986177,19.54554057406878,1.1543255781768886,1.0485953086198179,0.7299058248217657,False,3.536680446662989,1.8742897762443125,0.8841701116657472
58,12.0,21.321094512939453,23.994635459837173,1.4159888742222404,1.1530727490150037,10.683243627053653,19.227565178714187,21.443377876214974,1.1495819200758512,1.05658514248232,2.4731988231754656,False,3.550921958527192,1.8496227541189176,0.887730489631798
59,-11.997718128442331,21.32774637811271,23.995187312605495,1.4158346786993161,1.1531488565254313,-11.352572474614096,20.12304841281558,22.58649691707069,1.2118027374908444,1.0901176796923315,1.3665687330846201,True,3.3641212889717185,2.173171004676883,0.8410303222429296
60,8.000000590118876,28.2493009855836,24.819422967725004,1.1674730455655031,1.0528423819018782,7.7304986577540795,27.440328687147556,24.34343574757245,1.1543255781768886,1.081630925362504,0.8526825148818601,True,3.536680446662989,1.8742897762443125,0.8841701116657472
61,-8.0,28.24930191040039,24.81635153130574,1.1674830598972923,1.0528102897277474,-7.27755924137662,27.002469803562782,23.918137861374117,1.0649601702865523,1.021876115341645,1.4410103928707225,False,3.8049751866319665,1.409589655214563,0.9512437966579916
62,-0.0,28.24930191040039,22.57836289382284,1.050796914795015,1.0438481601644076,0.1525415197644631,27.70634953639267,22.40175404977192,1.0861300219579018,1.0331228466339628,0.5639735771227883,False,3.7414186049139446,1.5196728839055806,0.9353546512284862
63,-4.0,35.177494049072266,24.93070954752979,1.0423347296114902,1.0141456392158592,-3.9687180347747217,34.79832878987101,24.846011098666743,1.0698679714438892,1.0426408982028348,0.3804534861629117,True,3.7902408809715147,1.4351102212327156,0.9475602202428787
64,3.9999932183159723,35.177494049072266,24.93242691368262,1.0423953440797438,1.0141650423509674,3.975539056911175,34.88401311636085,24.86803529186742,1.062256901911628,1.0331858645535275,0.29449798619884615,True,3.813090996796529,1.3955326596649567,0.9532727491991323
